Sample,C14orf82,C19orf59,C1orf71,CARD16,CD274,CLEC12B,DSC2,FAM26F,FCGR1C,GBP3,IL7R,IRF5,JAM3,KDM1B,LMTK3,LOC100130289,LOC100130332,LOC100132425,LOC100132728,LOC387934,LOC389386,LOC441032,LOC644642,LOC645351,LOC646909,LOC648343,LOC652113,LOC727848,LOC728310,LOC728602,LOC728744,LOC729687,MAST3,NELL2,NHLRC4,NUDT2,PIK3AP1,PIK3IP1,PLSCR1,PRKCA,SELPLG,SIDT2,SNORA12,SNORD62B,SPOCK2,TNFAIP6,UHMK1,ZNF609,Condition
GSM1033105,7.268398961,8.722434547,9.683068808,9.464451723333331,5.938104514,5.515056414,8.351777629,10.0486512,8.119116451,8.131191771,9.867552894,5.835688510500001,7.798716686,6.91032271,6.249737694,8.836818493,5.4821739130000005,9.895402473,5.898281081,8.238550677,7.0309127845,6.672217308,8.382011575,7.227617868,9.71592394,10.06032858,8.458366924,7.267148573,6.161934757,7.728718125,6.389466749,8.877136294,8.98613454,8.906287304,7.106985185,7.298535120499999,10.62004438,9.17157391,8.474371507,7.698164168,7.166957862,9.752163359,9.584377399,6.553557348,10.77700284,8.952500959,6.632614387,6.610076075,ASD
GSM1033106,7.355876821,8.135106906,9.776190769,9.193270751666669,5.197964343,5.687630766,7.3491905985,10.47971456,6.965004036,7.886073412,10.7496070785,5.824328550500001,7.524190536,7.296120103,6.085868339,8.92519571,5.873781419,9.719318183,6.010080735,7.865060681,6.4330283825,7.209444643,8.771088909,7.382876792,10.252716185,11.10042001,7.081973025,7.482094906,6.471582473,7.750818668499999,5.671706957,9.301161177,9.172646493,9.053288115,7.816202316,7.404187933499999,10.36607127,9.673017593,7.12302552,7.74807142,6.932115101,9.613702269,9.750084155,6.862462801,11.04028675,7.243689318,6.507340065,6.66052846,ASD
GSM1033107,6.825685016,9.067692753,10.08007617,8.601240927000001,5.123474224,5.441794673,7.799125780000001,9.818683125,6.78756992,7.473375535,11.17631274,6.3971363100000005,7.608925875,6.223339243,6.696857562,8.349657403,6.3384804765,9.322969947,6.006680322,7.541624435,6.6483026395,7.082926406,8.389949537,7.114073692,10.35466354,10.82133624,6.885987292,7.236431003,6.253387196,7.532994458,5.284240244,8.943115895,8.911967543,9.880040804,6.124593164,7.166896208500001,10.18433881,10.04967598,7.497194788,8.232130918,7.128987639,9.326648485,9.657011781,6.967615547,11.64225432,7.4131974175,6.420824332,6.723434512,ASD
GSM1033108,7.432913301,8.870136551,9.967361797,8.855921968333334,5.052597668,5.790383765,7.8329487485,9.996277099,6.647994849,7.792417455,11.0766316135,6.1130998165,7.789741314,6.851912105,6.363505592,9.234852575,5.701500906,9.880040804,6.517239473,8.159462767,6.532400612,7.865347841,8.500840313,7.579039516,10.80422915,11.06058821,6.452425933,7.6269809445,6.559043956,7.7866724565,5.607857918,9.445524801,8.891083718,9.942493654,6.199928462,7.1140824935,10.15001566,9.810198251,7.449318346,8.030650928,6.898082613,8.98515354,9.674490156,6.943269926,11.29250708,7.458056039,6.463004012,6.816824832,ASD
GSM1033109,7.451320603,8.651842628,10.15387342,8.634186180333334,5.222132884,5.887817369,7.534859175999999,10.08087619,6.958920182,8.436832,10.7362913485,6.6993125525,7.46263384,7.186586753,6.577452285,8.827634998,5.550947109,9.899470458,6.295683841,7.550990562,6.8852935045,7.484430999,8.694055158,7.388898754,10.414083625,11.10367233,6.616984871,7.523635263499999,6.621247845,7.844326402,5.927342555,8.935512172,9.26842323,9.563688732,6.056784052,6.851309033,10.45832561,9.377719185,6.929514099,8.050200948,7.143687007,9.761833039,9.218345925,7.000288259,11.21342954,7.5039175205,6.578242895,6.886902085,Control
GSM1033110,7.616535717,8.273767,9.849641922,8.774646729666667,5.117443522,5.71135556,7.911601343999999,10.67300973,6.196608009,8.157631324,10.834138602,6.363482566,7.089877704,7.091644382,6.086644265,9.288400503,5.6443670535,10.00800106,6.359762048,8.018973607,6.752964897,7.868807041,8.654778198,7.679748896,10.82057328,11.43073743,7.777196396,7.3825211385,6.663211133,8.0094091965,5.459582603,9.444219515,8.993962089,9.448045717,7.140692309,6.841394083,10.53998828,9.559761479,7.182996006,7.918778673,6.869992495,9.609541792,9.329766186,6.848520835,11.1590968,8.1149233575,6.358826562,6.833869891,Control
GSM1033111,6.87949928,8.259959718,9.78299777,8.528678686333334,5.094140078,6.041929696,8.2656151745,9.966589984,6.341492904,7.90774661,10.6270843025,5.848241378499999,7.240517705,6.90620812,6.434883921,9.277164275,5.709205906499999,10.16714438,6.38577399,8.55733039,6.7726481475,7.39683475,8.357007951,7.377943578,10.38525833,10.56430748,8.148458666,7.1666377865,6.297919191,7.866334096,5.421131779,9.54068306,8.974102525,9.009183079,6.796345872,7.1844455205,10.2203621,9.551149751,6.9864608,7.872442499,7.226604757,8.69865028,9.545633849,6.777200839,11.0920815,7.417297326,6.039880201,6.754407043,ASD
GSM1033112,7.284188654,8.895768205,9.458907607,9.116567289,5.33910798,6.19886961,7.0603682160000005,9.377120308,7.5558855,7.822076301,10.370517655,6.681628356999999,7.419519461,7.262720117,6.163339227,8.822470603,5.89244842,9.68042059,6.124756248,8.082778165,6.671203317,7.513648029,8.318431876,7.13392872,10.119318165,10.60594494,6.761956933,7.316497355,6.491677361,7.895865013,6.019916631,8.84105031,9.173223562,8.766744428,6.927655245,6.669481643999999,10.77964296,9.365626994,7.263717085,7.881780674,7.470126192,9.871198472,9.200460675,6.547603086,10.92880101,7.669739799,6.057177706,6.723434512,Control
GSM1033113,7.058444406,9.057516814,10.1767198,8.872374625666666,5.091970919,6.041528063,7.715848710499999,9.865305397,6.687205622,7.72360126,11.087065752,6.3250916165,7.619005336,6.667338914,6.788929904,8.878992985,5.5935520325,9.727295733,6.149939699,7.835205506,6.621950103,7.639027445,8.688863981,7.108644662,10.450800675,10.90605449,6.932812972,7.2789580905,6.386837442,7.8276976425,5.575690372,9.304037983,8.860694314,9.530595357,7.054942657,7.3318139205,10.39638411,9.68042059,7.502274867,8.073503832,7.216198209,9.615990526,8.928671061,6.885987292,11.41338912,7.1870067315,6.537458156,6.74626573,ASD
GSM1033114,7.333570168,8.43376373,9.783747965,8.906925198333333,5.441738392,6.074511644,7.9042296185,10.16428624,6.879913351,7.458048379,11.09939094,6.1841625775,7.25122959,6.784295196,6.803514297,8.727532013,5.8405402245,9.640115389,6.267555729,7.45631534,6.663905834,7.351229939,8.782468031,7.087102475,10.37658218,10.71999783,6.312912198,7.1898469095,6.60896985,7.662440760500001,5.671026353,8.843947296,9.13525136,9.832128878,7.546271331,6.8450124545,10.34851078,9.971499665,7.368298614,8.144519387,7.409481432,9.488916643,9.707282848,7.046611394,11.19062917,7.877223566,6.655841169,6.801042357,Control
GSM1033115,7.080931561,8.363774427,9.833656579,8.959309037333334,5.332433288,5.824816429,6.8541723835,10.13047197,6.700933345,7.722065011,10.724118546,6.475666955,8.370875937,6.461866976,6.614256541,8.779789046,5.7785395035,9.591857516,5.902056685,7.512264585,6.6626101645,7.42845234,8.499281008,7.39133842,10.336458785,10.36814165,6.794841771,6.9204797255,6.323502908,7.8261536015,5.41978914,8.978145441,8.805208279,9.335835013,7.111085961,7.0668031675,10.24501781,9.687514392,7.489486672,7.76431632,6.860950077,9.414690843,9.665376257,6.781252045,11.38957825,7.32964763,6.464113766,6.653004402,ASD
GSM1033116,7.683166511,8.23454392,9.842957994,8.844735251333333,5.484422703,5.995489154,7.0414610225,9.768466029,7.106509627,7.957290567,10.897553825,6.455641513,7.289377889,6.719335972,6.369795916,8.94045138,5.842172842,9.702998675,6.280560222,7.935258517,6.8432523235,7.67210109,8.432616063,7.36240981,10.24907263,10.96879169,6.665070237,7.279166936499999,6.624581438,7.7251026295,5.684213238,9.391203729,9.162678161,9.299398847,6.65685176,7.106812186,10.51224398,9.539299864,7.386272694,7.684626739,7.44139779,10.1767198,9.774652874,7.365192697,11.1922946,8.094493635,6.775168837,6.730424374,ASD
GSM1033117,6.935878036,8.88457061,9.661116426,8.877338857666667,5.37311674,5.798481827,7.239489883999999,10.24223762,7.304182894,8.053778981,10.3892888455,6.7732324265,7.24808493,6.663211133,6.479794954,8.093408226,6.367067474500001,9.023099832,5.93662608,7.051598285,6.8826697085,6.789126275,8.560190239,6.937233042,9.743226411,9.884086355,5.988700097,7.1471488795,6.375218804,7.6078373845,5.804933523,8.256094635,9.051744615,8.859649111,6.513705793,7.4082279235,10.70493167,9.64365903,7.233009993,7.717511917,7.313937584,9.838421645,9.513670766,6.66052846,11.1089062,7.6960653925,6.74522124,6.552136368,ASD
GSM1033118,7.208211419,7.900050726,9.675929304,8.680675580666666,5.356024095,5.752387987,6.926731608000001,10.14138896,6.773176866,8.005168284,11.154067345,5.767606359,8.036738998,6.287467146,6.814608652,8.451423881,6.256520354,9.303355773,5.82066864,7.558685761,7.029257963,7.340233254,8.628384779,7.093575698,10.211262395,10.24402119,6.095970551,6.9457333035,6.459175878,7.6394693885,5.531287394,8.778882905,8.987638257,9.388717103,6.642755028,7.5783440725,10.32566488,9.622774154,6.667338914,7.97922288,7.290965823,9.094218399,9.951550743,6.664262852,11.49786116,7.3070074945,6.453188465,6.30532424,ASD
GSM1033119,7.266337914,9.6102294,9.61237474,9.421366184666669,5.663473667,5.992402041,8.593648653999999,10.44833455,7.710476281,8.558922766,10.4321820335,6.917830936,6.545486915,6.90217953,6.284174579,8.898091506,6.0619942355,9.640870083,6.338539517,8.011119602,7.3069825925,7.241234937,9.057516814,7.29871346,10.25657938,10.42198429,7.235554888,7.197650020999999,6.504314628,7.880277011,6.346416397,8.979639304,8.790493811,8.125519447,7.346202356,6.712470056,11.03096311,9.220645465,7.83731481,7.451320603,7.701609289,10.12302782,9.63310167,6.394716313,10.9172283,7.8310244605,6.620440264,6.356389077,Control
GSM1033120,7.187536917,9.455634557,9.679582485,9.993987519333334,6.533325085,5.836069186,7.538915543,10.58377744,9.439412164,9.123537197,9.4436432805,7.806008079,7.795140068,7.509720504,6.022009024,8.792192184,6.5517455,9.534397611,6.027964221,7.658905154,8.503679025499999,6.914954462,9.400620112,7.629752176,9.676777675,9.949719044,6.671432868,7.760811985,6.70216191,8.231940319,7.177846425,9.413352405,8.947669358,7.676211561,7.295601785,6.8328213935,11.66286197,8.553081739,9.363001329,7.280859413,7.366080698,10.68940032,9.196070542,5.998053074,10.24402119,8.99964186,6.573115745,6.225978208,Control
GSM1033121,7.452159433,8.42789375,9.744368898,8.717872761999999,5.166929736,5.835860044,7.6307366835,10.09087733,6.334896206,7.661314342,11.242794835,6.4051622185,7.145256741,6.558276908,6.238638062,9.000116811,6.420490619500001,9.772492299,6.360132973,7.631825334,6.758623398,7.550423328,8.864938995,7.581602214,10.716337925,10.746155,6.764802637,7.0152317605,6.896000147,7.952959144999999,5.2240275,9.348331014,8.717045037,9.129216825,7.155487549,6.8694899245,10.47751846,9.754477007,6.974568297,7.75398965,7.424133588,9.871198472,9.616647852,6.779932676,11.15745549,7.413925401,6.281740552,6.680784465,Control
GSM1033122,7.232190415,8.199150674,9.748631542,8.871180144,5.018379514,5.691945027,6.773263870499999,9.968211518,7.025006388,7.658273429,10.3807747805,5.7045481445,7.404680415,6.728055646,6.413352394,8.549936553,6.096587498,9.533126069,6.340964248,7.536188745,7.0326992175,7.511733782,9.076278391,7.240744762,10.463923485,10.56546728,7.161031885,7.3186800155,6.488726902,7.885337272499999,5.781952923,9.26842323,8.873454686,9.224131914,6.373455513,6.54835371,10.45378669,9.512368396,7.260057928,7.926185411,7.485008247,9.998721374,9.461566268,6.326317423,11.10200721,7.4365069925,6.258618253,6.342225477,ASD
GSM1033123,7.270684559,7.378714869,9.839939488,8.951456636666666,5.059355731,5.943016129,7.759278517,10.46513555,6.847868339,7.724447289,10.3969924285,6.6572174885,7.082672507,6.774281227,6.425835099,8.584335974,6.2817677,9.475481042,5.722540166,7.843165316,6.7688847025,7.228158174,8.705464374,7.230352984,10.0427282505,10.37979005,7.956850528,7.5073877165,6.608393692,7.8726022765,5.626478741,9.057516814,8.783358752,8.901075815,7.427921895,6.6579030075,10.47410962,9.511005699,7.527966826,7.612291488,7.067893241,10.20816945,9.070988556,6.431387319,10.96737812,7.217434383,6.889968719,6.520602821,Control
GSM1033124,7.160780261,7.773846737,10.02993739,8.581306957999999,5.243702698,5.646174079,7.071220692,10.20166414,6.659933538,8.386120994,11.133760175,6.6344970905,7.087102475,6.731776922,6.538968669,8.810340281,6.356620487,9.585676773,6.179473582,7.464888161,7.0008651465,7.667659196,8.560190239,7.3619186,10.72967298,11.07772186,7.221003825,7.158067018,6.536627483,7.6442616055,5.520527511,9.040122755,8.799867662,9.691751169,6.957044896,6.80448241,10.33088028,9.984461451,6.70155294,7.812209641,7.430985594,10.1767198,9.233620407,6.354084129,11.5186486,7.388023924,6.703196351,6.717056422,Control
GSM1033125,7.250254644,8.541189565,9.71674399,8.511836853,5.234160028,6.014004396,8.2715236855,10.14219096,6.41611995,7.905917453,10.7010920575,6.3589243155,7.902514094,6.703853774,6.535259259,8.581333225,6.322268307,9.33156187,5.98358345,7.521090981,6.8148534915,7.120392598,8.681152317,7.080450137,10.36965715,10.45378669,6.614057484,7.0216398035,6.500609986,7.885415472,5.396735891,8.909134198,8.910613119,8.817401477,7.07221011,7.3601408455,10.56887799,9.791302972,7.423604701,7.688109247,7.856498858,10.10449022,9.65064455,6.913328019,11.11212916,7.161459911,6.366233408,6.74692139,ASD
GSM1033126,6.779064278,8.379681923,9.78600212,9.08677561,5.570750793,5.798203214,6.587961624,10.52244693,6.975794727,8.258212949,10.7222035375,5.874586265,7.295050692,6.429568392,6.546881714,8.932573014,6.338747548000001,9.757486285,6.293453161,7.464034695,6.8933212,7.623377851,8.375911357,7.527465961,10.6195452,10.48886699,6.610575716,6.9573489760000005,6.412582397,7.789169748,5.548490878,9.196070542,8.443625519,9.620803768,6.257477609,7.038479755,10.36607127,9.592484049,7.13665332,8.080738921,7.07124279,10.15484162,9.807946176,7.1062661,11.55966566,7.0973202125,6.467840725,6.489275365,ASD
GSM1033127,7.821469725,9.208131526,9.698794344,8.855558304333334,5.367262469,6.001694327,7.1218106705,9.588263134,6.842207054,8.051177567,10.889514711,6.5335014375,7.684626739,6.57128388,6.558481462,8.093986441,6.164597661,8.987638257,5.971652996,7.332498314,6.742849747,6.786484764,8.593241483,6.877484906,9.927764532,10.24116418,6.974809767,7.1257781475,6.616117846,7.805039714,5.736686572,8.681152317,8.956979207,9.312805062,6.764802637,6.970819428,10.42198429,9.78827673,7.554524081,7.646793614,7.3619186,10.19096966,9.375954365,6.760404695,11.1303409,7.665854978,6.343058362,6.495639027,Control
GSM1033128,7.441671262,8.838237847,9.227962976,9.166944827,5.491745477,6.050237019,7.643315467500001,10.13751935,8.079453713,8.288149871,10.057412432,6.041425492,7.421406124,6.549219015,6.351494004,8.57426586,6.0379885775,9.185291632,6.018370095,7.576749163,7.2291744655,6.92833195,8.62475061,7.406834883,10.1248465395,10.28512281,6.821954681,7.198104214000001,6.596445218,7.841448227500001,6.390007639,8.836818493,9.122548097,8.238173582,6.950981027,7.1643497015,10.71999783,9.322414839,8.299248436,7.613936357,7.896344669,9.47084707,9.565592008,6.589932851,10.75649598,7.976430464,6.452059359,6.416456655,ASD
GSM1033129,6.67675859,8.257152232,9.758925936,8.828735740333332,5.263261337,5.341502267,6.813777539,10.65795845,6.395610492,7.828738329,11.160812845,6.531328219000001,6.557684008,6.787983337,6.273166304,8.956048642,6.2684751685,9.451897464,6.338880118,7.8767168,6.9307550540000005,7.563568461,8.385024703,7.27790131,10.87054166,10.6845314,7.144996913,7.0135151780000005,6.15572937,7.730583317500001,5.584206539,9.011350519,8.658471429,10.05150205,6.782542614,7.461461354,10.3449355,10.13141146,7.324126069,8.028031317,7.184374351,9.825145832,10.03163836,7.493736589,11.42622361,6.7049574895,6.360132973,6.559660206,ASD
GSM1033130,7.112591793,8.594040159,9.695830915,9.145704712333334,5.434789981,6.041232907,6.9547964555,10.38632281,8.029262439,7.886358338,10.9135876725,7.0735527045,7.198570727,6.351234894,6.862462801,8.953541376,6.0618510615000005,9.720181588,6.162086255,7.699280582,8.182523337,7.598740567,8.888484324,7.415814263,10.670064575,10.63111385,6.526001699,7.021348553999999,6.503751035,7.814482918,6.286399061,9.20208582,8.649976407,8.896219556,6.67012725,7.527850866,10.75141955,10.00882444,7.960359576,8.30709683,7.342108751,10.1920739,9.561714211,6.967145963,11.57963104,8.504346184500001,6.534490997,6.778669339,ASD
GSM1033131,7.348326822,10.92427607,9.482073762,9.611487848,5.555386081,5.849137434,8.688695942999999,10.0704249,7.931238742,7.739790515,10.2847604505,6.981957308,6.903869909,6.803740092,6.03007896,8.632009903,6.3171488235,9.519553805,6.011158969,7.613936357,7.218522128,7.595864421,9.280261103,7.363702872,10.226335290000002,10.43836978,7.357456465,7.512558722,6.709222488,7.823870376,6.475462588,9.030767317,9.043410832,9.145781399,6.319742714,7.3189313615,10.77964296,9.129216825,8.906734061,7.799856612,7.436093791,10.18159005,9.52360774,6.266522538,10.95407349,7.791450476,6.894831873,6.482667489,Control
GSM1033132,7.153691285,8.208183334,9.653631495,8.805878158,5.37462594,5.844337345,7.57667039,10.52942165,7.020444241,8.038043622,10.6340280725,6.37730599,6.694296298,6.58749831,6.47119309,8.812583677,6.290882889500001,9.490969188,6.245913973,7.791454515,7.0432649385,7.46872475,8.610595994,7.277100361,10.529266735,11.02634174,8.619071018,7.2213950975,6.334739829,7.869071503500001,5.775569814,9.299398847,8.807106436,9.10873802,7.059036508,7.3768973755,10.34380703,9.505206239,7.354253727,7.407618758,7.296633525,9.983527372,9.901067035,6.914696702,10.93025896,7.1164017975,6.510487669,6.417594162,Control
GSM1033133,7.803553908,8.25125424,9.045986432,10.229828470333333,7.440569438,5.817467266,7.894789493499999,10.94967319,10.10541314,8.999125072,9.9173983255,6.9503984125,7.323371947,6.657666059,6.26382548,8.725880312,6.413290073,9.36494629,5.998053074,7.638132835,8.404094287500001,7.165811375,8.901521584,7.524190536,9.846309995,10.06675452,6.200087811,7.4200157045,6.85712966,8.066714504,8.162652459,8.954443972,8.699915056,8.445547047,5.774283295,7.4790027395,11.4512698,9.033254734,9.71674399,7.357456465,7.896010591,9.438174328,9.683068808,6.459986593,10.26579508,9.356367101,6.192603767,6.296730593,Control
GSM1033134,7.573093845,9.213233182,9.481312256,9.472729936333334,5.502584802,6.076253555,8.096415247500001,10.85221949,8.177662181,8.384669841,9.702613557,6.6397862305,6.821954681,7.0659319,6.132962226,9.160960386,6.2032315545,9.85037162,6.130015788,7.954949124,7.622865888,7.658273429,8.582475331,7.600686714,10.335085835,10.62129979,6.899217682,7.4802346425,6.759974704,8.1338860135,6.20149431,9.401175772,8.944200041,8.632009903,7.705437819,6.827798283,10.66900311,8.980157921,7.988241249,7.413471511,7.188757129,9.963193881,9.842182636,6.732634016,10.40996535,7.5484362055,6.145525987,6.393250938,Control
GSM1033135,7.022349314,7.926750091,9.692408127,9.096535822333331,5.194884287,5.456832725,6.5691410375,10.54467977,6.467479617,8.2825149,10.916731356,6.499895501,7.331446667,6.634200624,6.147112101,9.522321854,6.2689189955,10.1767198,6.702375214,8.051769872,7.0601995755,7.564657074,8.652637902,7.690278475,10.94139618,11.01684707,7.873690274,6.623752628,6.421770505,7.7749838295,5.765771573,9.365626994,8.049276364,9.339553074,7.220489437,7.7914236395,10.29123176,9.787551333,7.697621369,7.681711187,6.968057954,10.05150205,9.287232096,6.701965944,11.23751063,7.418953748,6.368904861,6.153857188,Control
GSM1033136,7.199687574,7.963213161,9.539299864,8.969612969666667,5.112096168,5.575431604,7.069955551,10.74229837,6.473712119,8.133254086,10.8766994395,7.0818233735,7.520825606,6.99426071,6.287649657,9.150166087,6.3860425205,9.977617007,6.621665597,7.837652519,6.892823407,7.833427838,8.795235202,7.943050081,11.132395685,11.2030029,6.428983692,7.025769975499999,6.46251335,8.1719042465,5.368196583,9.342494589,8.428274817,9.527074113,6.778037846,7.2937317665,10.60242974,9.516250295,6.905989848,7.84560162,7.257702867,9.749404455,9.833656579,7.015169133,10.8946043,7.184348708,6.16269248,6.086644265,Control
GSM1033137,6.950740053,9.242936115,9.572521553,9.96277327,5.84126597,5.746173978,7.8084526935,10.08973637,8.701619154,8.789578056,10.4323167635,6.0438017565,6.876780586,6.851912105,6.223176293,9.269593719,5.956480690499999,9.828920612,6.421381416,8.628384779,8.0607634385,6.971636381,8.857207658,7.705720932,10.44713377,10.98366621,6.540711521,7.2109446885,6.007204592,7.900738172,6.411290098,9.357885773,7.994029573,9.005556438,6.51703687,7.8522649235,11.10367233,9.473594124,9.497961608,7.558685761,7.217823154,10.3013797,9.654279734,6.957044896,10.41986101,8.711870005,6.116140448,6.13842147,ASD
GSM1033138,7.544100743,9.420740083,9.546333222,10.209401751666666,6.559660206,6.465639833,8.326514858500001,9.82592281,9.438818906,8.720608374,10.1404505685,6.6572265255000005,7.938807856,6.817973834,6.334097068,8.98613454,6.310824049,9.836033786,6.36834939,8.122792189,7.7826662965,7.417912818,9.377719185,7.647324313,10.518247685,10.90167123,6.943070061,7.555404583,6.796126222,7.988697266500001,7.185063925,9.518309003,8.464550775,8.730200439,6.283663347,6.8276749385,11.27768135,9.176623495,9.159753719,7.543240982,7.474695557,9.391203729,9.286710805,6.488532044,10.14418899,9.7083256515,6.130650405,6.248726635,Control
GSM1033139,7.267593058,8.124813124,9.318221015,9.099247228333333,4.988612086,5.582785578,7.0171015765,9.512368396,6.77604953,7.661004917,10.4984700825,6.724420288999999,7.129713963,6.581434262,6.191976978,8.797106228,5.9282987045,9.588263134,6.469880309,7.50096602,6.9222341165,7.342355029,8.936983507,7.384526129,10.318561275,10.58724207,5.913551171,7.146631971,6.525554801,7.805414428500001,5.58975265,8.975046262,8.363415697,9.261242035,6.629327501,7.999625977499999,10.19697743,9.539976626,7.244552388,7.527465961,7.424133588,10.28313337,9.929051931,7.142980059,10.483048,7.084859147,6.316668478,6.475098861,ASD
GSM1033140,7.45907062,9.204879602,9.415903962,9.615105411,5.667774053,5.964707572,8.3590982825,10.75004066,8.556521315,7.775003512,10.179545989,6.6838727765,7.731845592,6.837167118,6.069495411,8.885524149,6.13425687,9.819431979,6.24408655,7.629752176,6.638101662,7.562174084,8.947227298,7.627134481,10.54366614,10.59611644,5.953314319,7.641614772,6.564008126,8.1784369565,6.523634868,9.455062572,9.07994303,8.818233672,6.630768647,7.434448957000001,10.80020692,9.211579816,7.841893731,7.497950956,7.703417932,9.613028548,10.05756643,6.436034024,10.58497118,8.2275109335,6.154486116,6.311485447,Control
GSM1033141,7.391618633,10.24010371,9.260698385,10.218287698,6.443534867,6.659101149,7.090384281,10.91029056,8.754400261,9.430851592,10.2028120625,5.791970903,7.189208513,7.29045596,6.118994399,9.336400173,6.316409781,10.06675452,6.636258699,8.394982969,8.6502710285,6.853089616,9.085023485,7.733632015,10.0263629485,10.74229837,7.393903198,7.2212115885,6.608393692,8.009868411,6.373626318,9.895402473,7.918778673,7.896896151,6.471017325,7.0057463205,11.34505483,9.350635697,9.842957994,7.267878017,6.646301746,10.63346925,8.682458448,5.842456717,10.39072661,8.419882681,6.28090211,6.021723068,Control
GSM1033142,7.241234937,8.308146636,9.553139661,9.244988067,5.175527946,6.259105974,6.502543868,11.07624033,6.964747969,8.123740862,10.462305975,6.1951542085,7.217250393,6.628705029,6.023232551,9.357885773,6.101295541000001,10.12851281,6.616339375,7.930545505,6.9463180265,7.90151349,8.897539658,7.75398965,11.0591164,10.90026749,6.31616792,7.058956159,6.547808557,7.938832381,5.603289091,9.507090644,8.459050008,8.821515187,6.782165244,6.8756975485,10.50389759,9.524900371,7.156224539,7.581602214,6.831715553,8.972590703,9.229021535,6.157869531,10.91029056,7.2597489835,6.08781228,6.454064635,Control
GSM1033143,7.021650974,9.305817114,9.545015493,9.191874649,5.37040668,5.507076821,7.632748438,10.62747563,7.321795306,8.080738921,10.5906356315,6.959450209,7.663912938,6.51895469,6.132822695,8.957451343,6.212108582,9.802783063,6.653596791,8.082430336,7.2173153265,7.953715342,8.967762537,7.574745177,10.80360987,10.9172283,5.797206501,7.235837429,6.479988089,8.147079065,5.455495063,9.154712666,8.55026301,9.323563169,5.681103869,7.3385915665,10.50514006,9.678069795,7.840370041,7.630645903,6.917969168,10.16054752,10.35520794,6.95539611,10.84907401,7.9533617425,6.18780249,6.253387196,Control
GSM1033144,7.188757129,9.212650549,9.3936717,9.164984006666666,5.4065742,5.39036977,7.7870201495,10.2890202,7.75369266,8.108553694,10.777083214,6.8743565665,6.855162108,6.610380701,6.227592293,9.021013165,6.0076403005,9.591148911,6.406356218,7.623665874,7.026952639499999,7.619824741,8.155910122,7.396586048,10.580673255,10.74490063,7.564657074,6.899775538,6.393067664,7.7395162855,5.934880436,9.332760377,8.663750408,9.36494629,7.353207534,7.243806669,10.42309835,9.641543006,8.065556503,7.39211363,7.226604757,9.666757754,10.01738761,6.819058871,11.07449173,7.989364789,6.372175947,6.325595423,Control
GSM1033145,7.233480409,8.320373468,9.603305148,9.349120517333333,5.175686693,5.57899707,7.700530743,10.82133624,7.102635183,7.573348757,10.410147524,6.910351497000001,7.052060333,6.817758704,6.016159915,9.30987289,5.5823242615,10.25876084,6.410365359,7.70454125,6.7953626085,7.571440918,8.596024209,7.737396595,10.689750335,10.9203093,6.978701104,6.974547547,6.371014657,7.796681262,5.76085883,9.223002964,8.613375473,9.53252142,7.323371947,6.999567184,10.16054752,9.337568099,7.520516049,7.529352295,6.844659292,9.754477007,10.4764224,7.350928601,10.67681121,7.5657111695,6.015496363,6.163965326,Control
GSM1033146,7.014672445,8.401503823,9.349485604,9.634133946,5.77643395,5.635123557,7.276843227500001,10.7176008,8.220778532,8.652231446,10.414365818,5.822855811,7.110825606,6.613021081,5.979430599,9.343074157,6.1273673705,9.930775205,6.651707221,8.11091112,7.789292456,7.865347841,8.472830449,7.554797011,10.72512336,10.73698659,7.688109247,6.9793829160000005,6.218868232,7.9263511035,6.091239865,9.279029263,7.807480512,9.055901053,6.63438874,7.198689882,10.39747399,9.502024297,7.932197948,7.291748387,6.731576234,9.787551333,10.01407266,6.695175954,10.75801068,8.090762964,6.175408031,6.2620048,Control
GSM1033147,7.490781249,8.741038581,9.717409162,9.278598383666669,5.650340076,5.661004581,7.403831879,10.72131114,7.387367355,8.736319123,10.6663022135,6.606884723,7.270213831,6.5133556,6.627481756,8.88952748,6.304421304,9.652850334,6.431759239,8.285317388,7.5960693,7.661314342,8.558108415,7.469300911,10.457859335,11.03096311,6.707511577,7.298547965999999,6.871422607,7.8119911535,5.752146581,9.478791903,8.294737776,8.53108035,6.420824332,7.2506422045,10.51897499,9.718033759,8.556521315,7.423322856,7.343333645,9.57173379,9.615333286,6.83607364,11.16277229,8.395245976,6.736953422,6.212133671,Control
GSM1033148,7.142471064,9.484144573,9.475481042,9.601748638,5.90440076,5.595200074,6.4862445275,10.24010371,7.940375098,8.676269172,10.18636072,7.0695158775,6.933048356,6.432856365,6.370151759,9.456418318,6.1268627815,9.85263253,6.592072326,8.792192184,8.0957282485,7.250046368,8.106078926,7.744741121,10.31204585,10.15858802,7.958116661,7.213761512,6.323502908,7.8886635765,5.931570196,9.615990526,8.056361189,8.458738471,6.951418259,7.57016253,10.5924038,9.491611729,8.330482731,7.347783127,6.80748276,9.460262593,9.469652642,6.513155548,10.81723575,8.439282077,6.261819186,6.211819948,ASD
GSM1033149,7.699604641,8.070181669,9.763130649,8.846823424333333,5.337552527,5.546837843,7.0154363515,10.3449355,7.043535685,7.770158676,10.7444631525,5.9945071905,7.433988637,6.495459028,6.797073634,8.905355943,5.7867984275,9.720181588,6.48398002,7.744741121,6.6051635615,7.634643758,8.741882922,7.716331384,10.932290135,10.96152016,6.456678766,7.2251880055,6.735054229,7.642930607,5.427245962,9.025135269,8.324133085,9.306430089,6.367248993,7.023658627,10.11716565,9.753778802,7.187813821,7.733345639,7.304483405,9.356597599,9.886591298,7.206675897,11.15404767,7.241728817,6.344514548,6.570300309,ASD
GSM1033150,7.750864251,10.22425865,9.615990526,9.638660579333331,5.500077845,6.427702599,8.430567899500002,9.212103902,8.43300406,7.928655509,9.8281944385,6.731906725,7.913784207,6.479988089,6.067849403,9.288400503,6.226401701,9.842182636,6.205681206,8.048942948,7.007110866,7.623965145,9.428338686,7.822076301,10.569173165,10.64923317,7.021409049,7.490480197,6.720555919,8.2343879455,6.03736324,9.422069445,8.622313563,8.406043888,7.13665332,6.691708945,10.71402858,9.012878573,8.333791085,7.38424541,7.453205998,9.566293625,9.75134843,6.534310141,10.32013912,7.861802648499999,6.14570941,5.68139101,Control
GSM1033152,7.171201085,9.098114507,9.853403915,8.863670570666667,5.364487013,5.46675009,7.266657418,10.50035083,6.95301249,8.038710197,10.4360752295,6.5465307565,7.247327048,6.491471239,6.190062248,8.964377349,6.1824447615,9.894660041,6.492776932,8.409426069,6.8951725945,7.414051506,8.399247919,7.415307695,10.557847135,10.98963987,7.591872116,7.160441926,6.615264551,7.7882828235,5.825385988,9.061852388,8.20236071,8.785005935,6.913995307,6.876167999,10.27296775,9.621470732,7.274087736,7.550990562,7.144211518,10.16428624,9.130896067,6.736325133,10.63111385,7.2931782805,6.487739028,6.129225481,Control
GSM1033153,7.475498948,8.876686215,9.424578155,9.072502745666666,5.536263573,5.664871796,7.8638817805,10.45832561,7.846449909,7.57703327,10.4030121435,7.118171989,7.280380761,6.334097068,6.542830024,8.774642568,5.951780016,9.526374994,6.236984432,7.960065443,7.099276413,7.449572068,9.005073679,7.443829418,10.48946559,10.95693498,6.439620954,7.146395237,6.464493509,7.9025691885,6.226139013,8.902004197,8.841809468,9.371768169,6.771616539,7.2038852955,10.71402858,9.162678161,7.307177894,7.989484738,7.626844553,9.702322975,9.590443721,6.847245107,10.87106745,7.8657300985,6.274205019,6.329458874,Control
GSM1033154,7.810968932,8.554264468,9.658931768,9.224615975666667,5.625294909,5.543319995,7.6212868005,9.902696083,7.250254644,8.323411865,11.0550695065,6.1364106055,7.525858588,6.202793575,6.437516996,9.162140585,6.1034769135,9.73393657,6.308900009,8.079765593,6.904598164499999,7.950873458,8.559747752,7.396299143,10.92464671,11.14714356,7.53452559,7.2501487325,6.896446836,7.7742646675,5.865321652,9.510320498,8.162350094,9.930775205,6.982545717,7.1413009035,10.19398066,9.914554977,7.456594042,7.911522304,7.123525632,9.409309399,9.290846655,7.014924577,11.20632065,7.789245299,6.559439612,6.521556752,Control
GSM1033155,7.982850246,8.479547536,9.653631495,10.200575541,6.092722731,6.418667701,7.141491524499999,10.71999783,8.738859238,8.874912357,10.7908731025,6.615046403,6.88645758,6.487941598,6.39848179,9.195486799,5.780687342,9.827321657,6.702575356,8.871083579,8.0970772005,7.073233901,9.043971751,7.11923082,10.3191211,10.08345968,7.282904475,7.07694559,6.927010582,7.6925254965,6.58749831,9.365626994,7.894774994,9.082344227,6.017686747,7.218998479,10.75276918,9.379011424,8.787782641,7.551274098,6.928794426,9.496100469,8.793481323,6.231586909,10.44613339,8.9470009185,6.62208814,6.265502375,Control
GSM1033156,7.986461138,8.294347853,9.582213184,9.166218882,5.338527967,5.948772803,6.955504542,10.17189655,7.344939386,7.762103233,10.3605847765,7.267573452000001,7.874295055,6.30752093,6.286054182,8.80258593,6.504677083500001,9.525567042,6.060663647,8.00922476,6.696094048000001,7.234503285,9.603917579,7.352214845,10.335766575,10.25180474,6.065994356,7.1105424500000005,7.139463435,8.1117142185,5.872784288,8.836349564,8.911967543,8.706415472,6.291267718,7.0686153525,10.62004438,9.336998418,6.828491703,7.613661421,7.544651992,10.00440407,9.36494629,6.451684772,10.78391392,7.3123248275,6.247382744,6.498566271,ASD
GSM1033157,7.257165234,9.449919242,9.661116426,8.903033557999999,5.163935909,5.260724985,7.3629883055,9.627058362,7.033956813,7.489486672,10.8344795665,6.5897973365,7.480604215,6.535472486,6.40686894,8.210350262,6.472398752,9.163688951,6.078680552,7.215475887,7.118981617999999,6.744598973,8.483023413,7.066686981,9.8706058225,10.2890202,6.498738956,7.2651592345,6.432313319,7.6394257955,5.836069186,8.651466112,8.811200665,9.428935127,7.326502916,7.548048995,10.17003777,9.85263253,7.856784011,7.840044933,7.538133864,9.649336764,9.658328648,6.569688377,11.10367233,7.0466753465,6.511617174,6.520274266,ASD
GSM1033158,7.137146132,9.109364982,9.555172624,8.464859308000001,5.143974084,5.635576541,7.0086930935,9.887407067,7.159665094,7.602365134,10.7806835865,6.623211008,6.713326567,6.498378595,5.969856489,8.963467352,6.3405801755,9.87207302,6.394175999,8.599640023,7.406061919000001,7.128005134,8.615880555,7.365192697,10.494051485,10.71402858,7.959079147,6.9738385995000005,6.481707963,7.946132557499999,5.476220272,9.355312215,8.252990153,9.048607857,6.425468271,7.840823951,10.30188375,9.441736504,6.998638125,7.587069903,6.770758739,10.11373167,9.221294826,6.225454875,11.14395792,6.32711744,6.780587084,6.436221872,Control
GSM1033159,6.79131863,8.94045138,10.48077649,8.463288661666667,5.573585796,5.816972086,7.421471296,9.619406123,7.048542637,7.870927861,11.107407725000002,6.411172263,7.154745645,6.405456157,6.39848179,7.898487342,5.624099985,8.941440106,5.8437861,7.58846603,7.107216936,6.723337886,8.130817668,6.756709671,9.43163306,9.322414839,8.502022642,6.8251774445,5.977524533,7.531805161999999,5.734991523,8.594828143,8.935028176,9.105868331,6.932549751,6.986697674,10.16054752,9.657650948,8.406414508,7.60668965,7.813722154,9.321278385,9.863698032,6.675687519,11.09702611,7.646489692999999,7.172068859,6.630558017,ASD
GSM1033160,8.167116859,9.012878573,9.658931768,9.118519749666667,5.297268839,5.71563696,7.160127841,10.35932255,7.741288205,8.042324698,10.5411718735,5.889720119,7.527465961,6.713110808,6.463936666,8.851993483,6.149749075,9.613702269,6.089128477,7.758563588,6.757500566,7.396299143,9.104300895,7.479580975,10.465855105,10.77021223,6.506011974,7.2123447165,7.039515993,8.1089352745,6.205847923,9.081808928,8.810340281,9.150166087,6.193112652,6.6740511885,10.53775299,9.556503876,7.526696102,7.593536111,7.117960478,10.06032858,10.34170423,7.536986421,10.75519567,7.636009017499999,6.227287789,6.288860137,Control
GSM1033161,8.228222717,8.267658394,9.778532335,8.719067992333333,5.484492251,5.80933407,7.2424577815,10.34170423,7.651383023,8.002011038,11.097512605,5.6226493805,7.211469231,6.413162474,6.701762369,8.773767337,6.441736502,9.378415305,6.56296129,8.104484389,6.705172791,7.844086735,9.085522052,7.519152974,10.79538217,11.14873235,7.406299498,7.292272024000001,7.19123324,7.749951945499999,5.76584962,9.47084707,8.700343086,9.771682917,6.501000743,7.047071154999999,10.32975105,10.1767198,6.877950415,8.035124729,7.477101869,10.03363155,9.624200242,6.780361826,11.33624653,7.721312366999999,6.380943475,6.236024896,Control
GSM1033162,8.398842786,7.435817217,9.851046293,8.733185243666666,4.873665212,5.515916023,7.137462428,9.783747965,6.3177044,7.870619618,10.8710176945,6.458878909499999,7.595534262,6.632200759,6.42601707,9.263496132,6.1337824505,10.19697743,6.27741813,8.04067847,6.7815992505,7.417912818,9.172156357,7.843165316,10.782727775,11.19787982,7.553379765,7.1489746635,7.333821685,7.990290138000001,5.184389541,9.341335356,8.773767337,9.070416257,6.677626767,7.7547284165,10.18710067,10.13141146,6.335446302,8.010160641,7.106742398,9.51894649,10.0722432,7.009730399,10.88098095,6.5893185705,6.63729542,6.574727917,ASD
GSM1033163,8.002011038,8.337738565,9.368036924,8.876187350666665,5.257092726,5.677291695,6.8583872305,10.19785709,6.545899799,7.111085961,10.8364939635,6.195544189,6.892986539,6.458422727,6.460375003,8.724243942,5.969674673,9.405723293,6.264831301,7.800135435,7.0639448125,7.381086193,8.973089864,7.335092163,10.42463637,10.86400594,6.643809565,6.984369199,7.100419268,7.631945797,5.499725754,8.976610594,8.766744428,8.693679953,6.718081496,7.032731161999999,10.28419396,9.839939488,7.278665442,7.763346558,7.308316695,9.927361308,10.20730657,7.036311769,11.14873235,7.094089494,6.365224641,6.454619004,ASD
GSM1033164,7.923896091,8.057027972,9.411360099,9.004774424333334,5.428880896,5.403349328,6.907452939500001,9.829677101,7.305046222,7.94721124,10.6359729525,5.6490596455,7.953006689,6.514482464,6.485287545,8.841465529,6.231285865,9.698066449,6.031203872,7.671523437,6.9938188375,7.420859355,9.086665083,7.403052768,10.56495245,10.65920275,6.933273943,7.02238261,6.785802837,7.714570624,5.875760812,9.084463481,8.727532013,9.49931627,6.41423894,6.777405553,10.32865706,9.679582485,6.943923006,7.833114886,7.516922741,9.421407056,9.769267786,6.631998082,11.13700034,7.719627812000001,6.315503775,6.499649105,ASD
GSM1033165,8.25506332,8.457604834,9.219475125,9.742401076,5.053426578,5.813728637,6.9325253155,10.50880414,7.6420236,7.572484128,10.452904656,6.401135338,7.485249823,6.557684008,6.457045876,8.895768205,6.273080398499999,9.702998675,6.88973892,8.144519387,6.9554313610000005,7.229196109,8.93747805,7.01810917,10.73965472,10.82934823,5.850416558,6.686060884,7.277331117,8.101582175,5.933533557,8.798545064,8.553081739,8.553471933,7.480085395,7.8053997525,10.05402506,9.537886059,7.113803919,7.556678251,6.797976556,9.695172774,9.474218294,6.169837208,10.74361949,7.554434275,5.714864417,6.166854053,Control
GSM1033166,7.109860879,8.606977924,9.678069795,8.953474584666667,5.273104404,5.669859457,6.640353169,10.45610307,6.570910848,7.818239966,11.285567375,5.7659715195,7.216466826,6.372175947,6.56759161,8.981199633,6.3912228765000005,9.63310167,6.254745824,7.745685512,7.021162369,7.721110755,8.629189622,7.435048103,10.878402385,11.01522205,6.098164555,6.943046583,6.544558904,8.1161606065,5.320182438,9.200460675,8.334900856,9.442396954,6.360843235,6.9915724675,10.37568928,9.645789815,7.223282401,7.389746035,7.322572595,10.00098719,9.836726895,7.106742398,11.33102293,7.673553736500001,6.806614229,6.691811235,Control
GSM1033167,7.215955291,8.183201872,9.669651286,8.627359571666666,5.054666726,5.793255622,7.049467219,10.15575087,6.878402189,7.45345397,10.793148053,6.585546498499999,7.056108903,6.448778952,6.63942512,8.387298308,6.1182858815,9.223560538,5.890481622,7.290701875,6.913144344,7.172341484,8.381620567,7.1052807,10.22131231,10.40550167,6.124284892,6.8536491745,6.589719081,7.842040194000001,5.593224528,8.635671419,8.678352635,9.608770614,7.27790131,6.7823769160000005,10.2156267,10.23621953,6.729336301,8.122792189,7.069071775,9.856461695,10.23804271,7.337234829,11.28889019,6.8402454955,6.307358997,6.613411315,ASD
GSM1033168,7.347525835,9.869550249,9.251496039,9.630480203333333,5.945158011,5.587852106,7.882151852,9.893824338,7.994707795,8.367809788,10.297535996,7.068120345500001,7.169928983,6.904830928,6.50795189,8.965354173,6.253612518000001,9.654279734,6.179845807,7.981237056,7.2201699295,6.890439936,9.18470734,7.600947607,10.38072013,10.99291968,7.684329732,7.5438821605,6.566194963,7.9521194395,6.297079296,9.276509053,8.725020674,8.673705791,6.91685094,6.7164170825,10.96469642,9.433486743,8.6004731,7.537523468,7.35795189,10.04316277,9.535798642,6.697255204,10.61085788,8.614568628499999,6.192447168,6.488532044,Control
GSM1033169,7.612291488,8.421574361,9.534397611,9.205405962333334,5.505455171,5.731749891,7.351843327,10.0486512,7.551864527,7.477101869,10.3395381245,6.9225114295,7.516922741,6.38378255,6.451109106,8.732890581,6.320404345,9.183512696,6.196458528,7.561282346,6.4810235885,7.225867529,8.851993483,7.469016173,10.217849685,10.8887775,6.931365681,7.2874158835,6.54377786,7.9749200565,6.080287905,8.854471725,9.137320494,8.690114339,7.140692309,6.8079481625,10.6665518,9.34889606,7.435048103,7.536188745,7.800135435,9.658328648,9.925939471,7.005716666,10.9365122,7.690081059,6.304814816,6.511985995,ASD
GSM1033170,7.432399287,8.062960457,9.492320865,8.752387090666666,5.306430485,5.128913545,6.6493791915,9.984461451,6.571925844,8.204786024,10.9807431695,6.702821991,6.38805211,6.322155208,6.324719965,9.432126755,6.236753391000001,10.46065366,7.10504241,9.123011675,7.1036877425,7.515504529,8.635271519,7.680582685,10.7978653,11.1303409,9.475481042,7.4175775505,6.800617744,7.7472890935,5.459120016,9.622774154,8.36035094,9.214392913,6.400247393,7.0512203835000005,10.22725436,9.685305939,7.055442271,7.680044288,6.705392176,10.15085987,9.760354411,7.054218502,11.1744898,6.8986764855,6.323086794,6.312338267,Control
GSM1033171,7.489486672,8.131524772,9.725066817,8.942813812333334,5.012760687,5.521211236,7.2778264125,9.631690208,6.449482511,7.547456483,10.6954340155,6.463083533,7.558974264,6.828733292,6.364049178,9.072063763,6.286858222999999,9.863698032,6.569867379,7.551570401,6.847761041,7.799289438,8.563739082,7.8767168,11.09143152,11.18546666,6.671432868,7.1717275315,6.859599243,8.2033882265,5.411210997,9.531836409,9.186473033,8.857207658,6.766520799,6.890951412,10.67556715,9.700828287,6.768010798,7.772903464,7.424955831,10.27388201,9.551809046,6.939259235,11.04357869,6.9854947065,6.428056105,6.571092792,ASD
GSM1033172,7.145492652,9.369359313,9.495380541,9.456434700333332,5.329710883,6.548228819,7.551324038000001,9.605907707,7.346724817,8.007320835,10.3099159265,7.073708467,8.023446354,6.736742942,6.27672257,9.008068893,6.264496257999999,9.51894649,6.30752093,7.706332334,6.9290636945,7.472293987,8.65728374,7.217823154,10.45010229,10.60477871,6.5158462,7.2972370115,6.431191257,7.883120896499999,6.053791108,9.138511513,8.744054702,8.38085102,7.216198209,7.319076293,10.89750006,9.194238412,8.109572573,7.477673988,7.472003212,9.897013274,9.479394607,6.061988057,10.65444621,8.0513203975,6.758884456,6.175220799,Control
GSM1033173,7.485008247,8.849070073,9.343629684,9.106344051333334,5.156523068,5.498543611,6.952699806,10.82666563,7.362968213,7.24808493,10.387226729,5.888035876,7.012830094,6.962577675,6.400406138,9.104300895,6.0545506105,9.99542967,6.550381803,8.126815242,7.093039216999999,6.867196526,9.146796914,7.547740747,10.41081374,10.76329368,7.241234937,7.245102457,6.855604568,7.8893314375,5.78006811,9.133556475,8.66085193,8.471318602,6.527496724,7.1557466415,10.72505446,9.301161177,8.194983256,7.376901128,6.982303669,9.626343999,9.79681378,6.573714024,10.94804549,7.7639340885,6.58330698,6.640697727,ASD
GSM1033174,7.698441679,8.75789384,9.728777473,8.914162436666667,5.238417603,6.109996466,6.290122798,10.06291444,6.505470337,7.595534262,10.6620264265,6.8266420875,7.758563588,6.463187152,6.574727917,8.926831566,6.098691922,9.739817599,6.101464179,7.625378542,6.6719812560000005,7.363939714,8.667399331,7.33092988,10.25011755,10.70349809,6.403082219,6.93727264,6.741683229,7.852280035,5.411380649,8.87766815,8.783794376,8.503551984,7.035619265,7.611751187499999,10.44729214,9.738342841,6.707939393,7.697345471,7.314181781,9.742768708,9.695172774,6.868859458,10.88352214,7.2642081805,6.527682366,6.59245532,ASD
GSM1033175,7.540859955,8.829522167,9.79681378,8.710541130666666,5.128610105,5.850416558,6.669435164499999,10.08265641,6.497636797,7.632419037,10.9086678925,6.6472438335,6.860070765,6.692625267,6.445062254,8.912431586,6.3683962265,9.589773936,6.21226991,7.592118811,7.0228519085,7.6414483,8.845850581,7.415307695,10.641134335,10.68808648,7.209930446,7.13421698,6.801042357,7.900519758,5.510487019,9.083932092,8.544596829,9.6102294,6.92113133,7.209917770000001,10.33314519,9.927361308,6.92514348,7.567732351,7.175350898,9.828062568,9.825145832,6.740047358,10.97894149,7.117843725999999,6.303236581,6.531613873,Control
GSM1033176,7.305880138,8.333102056,10.09087733,9.015393109666666,5.488688645,5.631556582,6.7901151465,10.55986576,7.592118811,8.303485277,11.037926875,6.3132736640000005,7.227095496,6.434682601,6.471784424,8.934470574,5.848503710999999,9.589043469,6.076253555,7.882071638,7.699645460999999,7.062684018,8.621126456,7.152949215,10.46104506,10.44514792,6.629128224,6.8924388015,6.690809345,7.7452971885,6.086911706,8.933502521,8.580122592,9.52360774,6.721564412,7.1747292505,10.38827542,10.0034624,7.433988637,7.917839954,7.869726384,9.880878113,10.3385052,7.321303539,11.0324002,7.398294696500001,7.77992472,6.713553327,Control
GSM1033177,6.609151095,8.822470603,9.591148911,8.713007036,5.336236165,5.882024957,7.3677404355,9.909777183,6.87904112,7.615957412,10.535309333,6.703725668500001,6.779932676,6.422877692,6.351234894,8.55733039,6.0155978685,9.318915714,6.105994021,8.44887879,7.303021555,6.767570167,8.045604142,7.043535685,10.0327720605,10.33746304,7.952411123,6.9628157015,5.9597093,7.695074352,5.597319235,9.006084205,8.412042744,9.396874577,6.776523277,7.227592687,10.09555347,9.663312666,7.335645091,7.630037605,6.750408755,9.694523323,8.553471933,5.869818086,10.87106745,7.316549550499999,6.274862061,6.539153298,Control
GSM1033178,6.906657839,8.312644942,10.11821526,8.539848363333332,5.187912402,5.30264152,6.8838482855,10.16144074,6.530815404,7.991427079,11.43024065,6.388081521,6.99840941,6.337832884,6.633596461,8.795686706,6.0095362365,9.511005699,6.068735765,8.241804832,6.568690448,7.217823154,8.465671963,7.166284334,10.55671993,10.6380553,7.295848714,6.808096284,6.51895469,7.709154574499999,5.645522048,8.973089864,8.767983423,9.143662352,6.387205695,7.073973656,10.5725386,10.12302782,7.101630092,8.291805835,7.95940967,9.761833039,10.60000413,7.265042342,11.33974222,7.283316967,7.674149475,6.544739415,ASD
GSM1033179,6.96619591,7.892284747,10.23804271,9.793366429333334,5.849810526,5.442414312,6.5638139735,11.51264733,8.96097421,8.894838418,10.98999055,6.9378976125000005,8.218607776,6.970704593,6.409792302,9.156406878,6.2462037135,9.705213406,6.100051547,7.967834361,8.770634959999999,6.664878704,9.026688126,7.331859418,9.6430480765,9.981765887,6.846399478,6.4801635045,6.359227806,8.121728788,6.997890253,9.092005606,8.394982969,8.398396558,6.616984871,7.0036597615,10.88607959,9.41764174,9.205495992,7.582421977,7.648185914,10.83340778,8.980698254,6.373455513,10.97175961,8.2619153765,7.510907882,6.660131326,Control
GSM1033180,7.062684018,8.14148214,10.46065366,8.691326071666666,5.242093167,5.469587679,7.0498532385,10.33533419,6.723434512,7.055856917,11.451597745,6.660617672,7.457452967,6.302149759,6.238300379,8.670877011,5.6464040865000005,9.588263134,6.035907805,7.538354351,6.621192703,7.011378955,8.006662893,6.815516124,10.016311271,10.28033383,6.999102544,6.7741901865,6.104296635,7.387706682,5.68115438,8.649086282,8.675372715,9.399401849,6.486616108,7.3630536385,9.842182636,9.763130649,7.152949215,7.873987816,7.687818255,9.863056215,10.37671276,7.680848401,11.1922946,7.451696231000001,7.445175588,6.591864269,ASD
GSM1033181,7.28678145,7.582175975,10.42726534,8.343245800333333,5.391014607,5.362481924,6.790732169,9.544292596,6.695626155,7.933164758,11.41346536,6.2566071655,7.489999043,5.988208657,6.820639472,8.26029897,5.6877247545,9.225772594,5.781769516,7.524190536,6.351189334,6.747813561,8.169839195,6.56636403,9.8229444495,9.764629164,6.780160915,6.7111131555,6.124593164,7.1332543355,5.775569814,7.95940967,8.793886156,9.992878563,6.440021987,7.7437213735,9.861408919,10.35295118,6.894608142,8.062960457,6.88666324,8.7192604,10.11278309,7.556948035,11.34706545,7.549562785,7.368052256,6.779064278,ASD
GSM1033182,6.940452969,8.135804278,10.35295118,8.081671205666666,5.153643635,5.719660258,6.924467123,9.951550743,6.472959077,7.474140619,11.756970055,6.433603494,7.67210109,6.111327486,6.638932349,7.50565538,6.077691443,8.392288705,5.729348213,7.152207346,6.7821443335,7.030501765,8.11335626,6.517239473,9.596519039,9.774015857,6.679697442,6.698727164499999,6.105374971,7.196793715,5.517381636,8.009835737,8.722884259,9.006084205,5.983327616,7.535937437999999,9.691067542,10.46944842,6.882069548,7.999025433,7.976592339,10.22627908,10.38949972,7.07045725,11.48179256,7.053507871,6.9864608,6.654035139,ASD
GSM1033183,6.676536865,7.904692889,10.33088028,8.762629639333333,5.349842175,5.821354866,7.1104499725,10.00178438,6.855604568,8.175678536,11.463903425,5.943756623,8.437679948,6.576858211,6.817288195,8.286365112,6.0655393255,9.197207403,5.878178579,7.683776944,6.856593667,7.427371715,8.248147217,7.033712984,10.223924285,10.26479185,6.420288842,6.9500699955,6.224284096,7.7789722235,5.580308756,8.702106373,8.7513803,9.839166777,7.539147878,7.1043786585,10.02523278,10.10106923,7.050414945,7.959079147,7.933451701,9.807946176,10.11716565,7.106985185,11.48882035,7.316532768,7.488935739,6.711385579,ASD
GSM1033184,7.00223527,8.038384852,10.11278309,8.797436804,5.123566509,6.078513046,6.6185196175000005,10.33746304,6.372926959,7.956850528,11.205062505,5.9206460245,7.579305628,6.438639155,6.490898305,8.94965776,5.8705747325,9.815420728,6.211650251,7.867877511,6.711219826000001,7.544651992,8.274160381,7.37358528,10.64346587,10.8961876,6.582882183,7.167732297000001,6.247060538,7.745881928999999,5.526235608,9.303355773,8.831797396,10.08219286,6.561021394,7.0122825685,10.21930897,9.675181225,6.871422607,8.092701115,7.892602284,9.795195465,10.7101082,7.227904833,11.53159241,6.9544743415,7.50697274,6.576390336,ASD
GSM1033185,6.970929733,7.197905892,10.47971456,8.540506532,5.369825269,5.619871954,6.6742726095,10.19497626,6.749780774,8.413150119,11.461333415,6.691608702,7.647324313,6.239461691,6.715300659,8.658471429,5.8469209295,9.352948559,6.209138388,7.613661421,6.8520382565,7.569057208,8.020493619,7.205335663,10.47388591,10.69699352,6.602324278,6.805109129,6.26382548,7.511511339,5.80156211,8.957451343,8.470202797,10.02253676,6.193909442,7.1586938345,10.21657259,10.43949485,7.126796815,8.202055022,7.947804939,10.05677052,10.53998828,7.38160662,11.50230424,7.1962073325,7.618761083,6.803085285,ASD
GSM1033186,7.568228014,9.622774154,9.925939471,9.870325625333331,5.958056439,5.581147881,8.5050909375,9.580893134,8.34325568,7.884885749,10.622596231,5.74087204,7.916598125,6.899693377,6.077377819,8.921724855,5.5171031645,9.618770735,5.949002522,8.016040512,7.2741987805,6.994741046,8.767161649,7.13164136,9.6122330015,10.27388201,6.894831873,7.26789101,6.523262537,7.7157078795,6.809262537,8.870136551,9.290846655,9.141370084,6.631998082,7.493517452999999,10.77165629,9.207577748,8.355961552,7.557244722,7.805989486,9.161521788,10.30238781,6.738940511,10.25088918,8.368290459,7.234992012,6.708369374,ASD
GSM1033187,7.073720394,8.298862016,9.86697574,8.575988724666667,5.58860244,5.74318204,7.0745902140000005,10.23621953,8.084509576,8.200623952,11.0970683,6.6551648145,7.193517093,6.315503775,6.443172753,8.214805732,5.6925452825,9.314035043,5.872670877,8.324133085,7.219547354499999,6.723241259,7.847108225,6.683938107,9.485127838,9.731033214,7.902867212,6.9507722615,6.112556409,7.4608274045,6.706004159,8.111223476,8.596024209,9.321923296,6.333170048,7.720364913,10.14418899,10.04077759,7.593536111,7.495105553,7.338330564,9.625578511,9.761833039,6.717876151,10.98366621,7.913609400999999,7.414322546,6.525352664,Control
GSM1033188,6.785130702,8.958023684,10.0704249,8.960305203,5.172794346,5.791797067,8.026720574,10.10739996,6.803293724,7.889779681,11.204332645,6.3375996395000005,7.080450137,6.594853802,6.259630505,8.445911112,5.3195684795,9.229548149,5.699213972,7.329940718,6.618347403,6.831715553,7.917525724,7.143687007,9.5808991725,9.861408919,7.338023723,7.1644123215,6.099194175,7.595362150500001,5.854444749,8.564571516,9.053823688,8.97767655,7.062892506,7.216244548,10.17003777,9.619406123,7.015402678,7.607797334,8.036045515,8.98515354,10.37783397,7.254696716,11.14395792,7.5421319915,7.487238277,6.463763617,ASD
GSM1033189,6.651522347,7.772903464,9.953951788,8.456783257666666,5.082804587,5.285635469,6.3270903575,10.07656047,6.587317008,7.82269035,10.846098163,5.9877964615,7.961358926,6.462043227,6.5613919,8.857207658,5.627640308,9.703752098,6.217244854,7.571981178,6.511186990000001,6.999348459,8.046885424,7.12325719,10.27143132,9.994643948,6.30342154,6.594200429500001,6.21789579,7.513063421,5.596588132,8.439920217,8.914264855,9.705944052,6.589519296,7.680288825,10.36395602,9.763130649,6.745024779,8.268414093,7.023798049,10.25876084,9.190218072,6.551204183,11.32531129,6.695274739,6.791084851,6.727157484,ASD
GSM1033190,6.991646938,8.918728896,10.13534,8.397544006333334,5.557636791,6.080137811,7.038860870000001,9.729589592,7.492960681,7.815887728,11.232307545,6.4318094135,7.547977751,6.228990428,6.365583566,7.911846216,5.8466671285,8.762479511,5.926730107,7.121091968,6.9248072405,6.741683229,8.204131121,6.795251551,9.591536703,9.496774564,6.94281086,6.7721443915,6.150564355,7.512897113,5.874691536,8.219691122,9.052220228,8.991602561,6.777200839,7.6230074355,9.902696083,9.801364333,7.129713963,7.772903464,7.7291978,8.852443227,10.01140238,7.42443073,11.36836482,7.432510097,7.492679318,6.579578131,ASD
GSM1033191,6.917268639,8.330851466,10.08432836,8.498930835333333,5.021524177,5.971792294,7.73131697,10.15387342,6.333910318,7.776247081,11.396071495,6.4218146325,7.481676751,6.458790127,6.494328974,8.296909993,5.9968595695,9.119393992,5.984746941,7.126567206,6.961454299,6.900139538,8.045604142,7.005970708,9.9953031305,10.03708226,6.281391934,6.9760358085,6.192796427,7.637605697,5.350252795,8.68969561,8.771535177,9.141370084,6.17833507,7.119966762000001,10.20069397,10.0704249,7.291748387,7.855276114,8.208526712,10.02338088,10.29243422,7.213899802,11.54659218,7.361054924999999,7.597815784,6.563778165,ASD
GSM1033192,6.680359197,8.322640455,10.37783397,8.974300594,5.412702757,5.891482193,7.017928541,10.0620539,7.092856932,7.687818255,11.270769655,6.750329194,8.283527138,6.678224176,6.636627884,8.555812934,5.758292346499999,9.474860811,6.124284892,7.623377851,6.857226635,7.417139217,8.339816194,7.036078554,10.318051455,10.67179062,6.257947748,6.968632595,6.149804015,7.606043792999999,5.888275309,8.837737358,8.78682098,9.972313729,6.384169933,6.994057174,10.50762981,9.665376257,7.446287464,8.057386056,8.133557055,9.941630073,10.35834315,7.030501765,11.21342954,7.3246555485,7.805402064,6.634005174,ASD
GSM1033193,7.164799525,8.236676902,10.18433881,8.609596982666666,5.33638348,5.450106818,7.2514392665,9.967361797,6.853747625,7.471514976,11.560199625,5.698665671,7.219533376,6.079144622,6.538597968,7.847727266,5.687836173,8.821515187,5.539108977,7.356668859,6.438162783999999,6.523045809,8.153454567,6.691218618,9.3173825645,9.598696007,6.285911712,6.613366928,6.301994757,7.4406929315,5.796836499,7.955542054,9.306430089,9.743529807,6.51510061,7.861320102,10.12302782,10.53775299,6.77886101,7.896344669,7.810390297,9.943273874,10.57120349,6.69892468,11.58854722,7.457225532500001,7.390741302,6.719968119,ASD
GSM1033194,6.864098927,7.731845592,10.3508605,8.491503895333333,5.327526012,5.720578572,7.6058459655,9.802089254,6.539344267,8.125519447,11.81096982,5.7187865405,7.306388318,6.399517465,6.512367821,8.472830449,5.8970761565,9.265367317,6.188123763,7.486966906,6.6553904485,7.310840003,7.919732986,7.220489437,10.507505725,10.74877676,6.862462801,6.882113232,6.186798466,7.6035429165,5.386799298,8.975555056,8.670449726,9.848874438,6.124284892,7.025526447,9.905732959,10.50762981,6.71076164,8.180087653,7.801722788,9.902696083,10.70101042,7.435279961,11.41987102,7.4901434565,7.824168429,6.569867379,Control
GSM1033195,6.386296663,8.712031863,8.92519571,9.295550158333333,5.400639625,5.59298053,6.675211712,10.39072661,8.041671316,8.126815242,10.619478838,5.824306120499999,7.688109247,6.65972416,6.770085466,8.688407294,5.730305053,9.631064124,6.095505572,7.819994061,7.6638785775,7.345964284,8.631283438,7.189948545,10.32004008,10.66275362,6.103220007,7.055971619999999,6.002342613,7.888398133,6.366081392,8.903024982,9.000116811,9.203201208,6.236176374,7.25045369,10.21171632,9.682443425,7.208460079,8.089593078,6.723640923,9.528448274,9.201576841,6.462421958,11.23556873,7.450008868499999,5.854648146,6.726513955,ASD
GSM1033196,7.323599947,8.324469782,9.626343999,8.426905069666667,4.871380875,5.194909479,6.845014302999999,10.47296693,6.155091824,7.868182718,11.15488856,6.5033481605,7.728157445,6.435649368,6.742360893,8.724647561,5.650926636,9.581601513,5.879956476,7.567732351,6.722475514999999,6.896908493,8.394262613,6.982303669,9.9165738265,10.02901986,7.274087736,6.609622226,6.317199218,7.472030624,5.521294306,8.404838046,9.183512696,9.929947586,7.080237376,7.3940243455,9.980065704,10.12481545,6.612608397,8.269080615,7.394688289,9.789829076,9.627801572,7.114456285,11.21720475,7.166659063499999,6.282582376,6.978444164,ASD
GSM1033197,7.256912122,8.45404714,10.11821526,8.431130287666667,5.036258922,5.308533241,6.737199803999999,10.239155,6.251388579,7.61455262,11.57325963,6.392225911500001,7.757059156,6.500412989,6.7484411,8.174962421,5.871563923,9.003107639,5.840283338,7.401922678,6.7061477815,6.867935725,8.347708983,6.722394798,9.9324085835,9.8465495,7.117960478,6.4780774685,6.458982415,7.6462809445,5.453882364,8.553081739,9.147453057,9.95315701,7.159523216,7.2060173695,10.38415775,10.40877934,6.664463822,8.257535103,8.374283311,9.843716059,10.48557001,7.181278385,11.46951287,7.238168751,7.212921389,6.745619771,ASD
GSM1033198,7.227617868,7.728649998,10.21930897,8.621282275666665,5.734991523,5.412785029,6.370342963000001,10.0052877,7.578208624,8.544596829,11.370509455,5.7624134225,7.114456285,6.419552864,6.511230925,8.712489566,5.4604010935,9.682443425,5.97349587,7.823797868,8.070726641,7.044220409,7.803867054,6.801742828,10.0332521575,10.3396129,8.060621657,6.982827169,6.080137811,7.284111249,6.10235326,8.64551937,8.290416636,9.507757609,5.902422453,7.202046384,10.14900345,10.03163836,8.29994694,8.306468913,7.518610604,8.612619914,10.16239146,7.763346558,11.39731141,7.9003384515,7.790617409,6.890439936,ASD
GSM1033199,7.155970543,7.822370786,10.42726534,8.400042690666666,5.456832725,5.577600131,6.4185944065000005,9.652067558,6.742360893,7.99573354,11.550059605,6.7037073505,6.814831631,6.183103207,6.664878704,8.328934414,5.721662333,9.223560538,5.8632542,7.871506987,6.580800288000001,6.863378478,7.886665141,6.720985956,9.6217303255,10.37241571,7.080002161,6.913109404,6.237973481,7.227100453,5.66300841,8.42079309,8.524717866,9.563688732,6.94507238,7.6878211865,9.72653925,10.49458715,7.320061144,8.081060375,6.594031758,9.519553805,10.03445785,7.516651984,11.6208765,7.4107582915,7.378971694,6.705392176,ASD
GSM1033200,6.31366369,8.11091112,10.47410962,8.512858338333332,5.276560319,5.811389677,6.937638684,9.912239323,6.712876354,8.059991624,11.277266835,6.483322873,8.247124513,6.42158549,6.406707947,7.610072041,5.793989991,8.488858586,5.723969785,6.820418009,6.7957924515000006,6.814608652,7.954949124,6.359581803,9.4808204445,9.203201208,6.458790127,6.864879783,5.853892517,7.253485955,5.538674744,8.103037405,9.112207364,9.150799471,6.724759616,6.583431281999999,10.41882081,9.865305397,6.992867946,8.133254086,7.723006864,9.949719044,9.885708487,7.083443646,11.60597698,7.529833030000001,7.593536111,6.841310621,ASD
GSM1033201,7.2091942,7.94556846,10.38072463,8.371598422,5.170253858,5.436122937,6.97887826,9.923707184,6.81219342,7.878497114,11.08717187,6.442358925,7.430985594,6.324877586,6.912146683,8.404838046,5.7633418925,9.367406478,5.890679182,7.405203933,6.8091586875,6.981843545,8.285660703,6.521556752,9.829665615,9.817000751,6.65972416,6.531973756999999,6.238981811,7.698495129999999,5.487548729,8.683291212,8.805208279,9.783747965,6.97797322,7.7702551475,9.563688732,9.713816235,6.991410281,8.363415697,7.311864231,9.778532335,10.33212501,7.257465398,11.61843653,7.0038863205,7.017559308,6.815733795,ASD
GSM1033202,7.022844254,8.822944341,10.17756887,9.026573771666667,5.630402963,5.30033006,8.0387395505,9.958166316,7.127286313,7.526404781,10.881498365,6.934435037,7.608100308,6.567382955,6.629964881,8.134227152,5.881898143500001,8.772542182,5.739988541,7.555072112,6.6475222315,7.034195189,8.568092795,7.155487549,9.776651294,10.11278309,6.521201544,7.243356452,6.394348368,7.769225015,5.824816429,8.631662817,9.220645465,9.205495992,6.968844065,7.345447893999999,10.57120349,9.737600199,7.702817733,7.793630675,8.153454567,8.632374575,10.20546465,6.786036832,11.08099958,7.950853322,8.342519347,6.527682366,ASD
GSM1033203,6.452425933,10.73949045,9.841418695,9.655854896666666,6.675687519,6.400153097,8.9656755505,10.07739847,8.944200041,8.107066073,10.464134301,6.756577614499999,7.792417455,7.557824942,6.217561914,7.927660195,5.910478448999999,8.753935067,5.822629432,7.058444406,7.799405248999999,6.911944185,8.651466112,6.916407833,9.552823379,9.515614634,7.097301686,7.4950618125,5.936019219,7.7690482475,6.882271774,8.580907205,8.836818493,9.061852388,7.523085028,6.3506534335,11.31001845,9.10809864,9.154712666,7.533431188,7.705720932,9.689608431,9.17489036,6.148723087,10.49107144,8.6740086075,7.463137338,6.319571581,Control
GSM1033204,7.705720932,9.645789815,9.872850475,8.767111543,5.493164314,5.878381278,8.021800002,9.888268121,7.535953454,7.537523468,10.7154930815,6.5893408105,7.205583623,6.627692627,6.411830953,8.392665828,5.583986314,9.181966989,5.841777,7.460681336,7.0112894155,6.865865072,8.469814338,7.014924577,9.7320831985,10.17856285,6.10523499,7.198120084999999,6.297243179,7.713446793499999,6.02612348,8.62680045,9.001083688,9.690227317,7.027971848,6.925363788,10.23017095,9.720876616,7.6414483,7.733632015,8.007656722,9.335835013,9.785258455,7.118465524,10.77165629,7.9519444205,7.312104692,6.615465325,Control
GSM1033205,7.228396513,8.482683572,10.12573871,8.649363302333333,5.359551159,5.539108977,7.448809263999999,9.882416219,6.552320002,7.686094906,11.195250095,6.3920009140000005,7.356401037,6.809711598,6.583888918,8.70326785,5.7783929315,9.60131659,6.185542951,7.577364422,6.6285603265,7.330176736,8.724243942,7.208211419,10.48141806,10.51564928,6.293628634,6.8776353445,6.473339408,7.675566581,5.58836057,8.93747805,9.006589986,9.283852984,6.726723223,6.8485809385,10.39747399,10.04597017,7.138968632,7.925887401,7.958116661,9.561055643,10.46843225,7.558104848,11.32345503,7.137857228,7.501460664,6.764591347,ASD
GSM1033206,6.870456293,8.552670763,10.52470751,9.190011198666667,5.504773684,5.755333532,6.8633140065,10.31049003,7.932197948,8.622750006,10.3843302945,5.8948947205,8.052727908,6.884319073,6.020807815,7.885174748,5.5919656245,9.17157391,5.647857374,7.348326822,8.1069540765,6.44984796,8.298862016,6.587119343,8.876172371500001,9.000116811,7.655071036,6.735087921,6.073454511,7.200340602499999,5.988944893,8.338069988,8.563739082,8.731060781,6.008464395,7.373925258,10.53893314,9.057516814,9.102318386,7.490532521,7.547740747,10.08432836,9.342494589,6.668595742,10.64653942,8.1821092785,7.829997948,6.452425933,ASD
GSM1033207,6.882271774,8.201007993,10.05318948,8.707085285333333,5.346375891,5.39512468,7.741736188499999,9.739078457,7.169163932,7.941119793,11.70705303,5.804183132,7.670481854,6.317199218,6.498918754,8.252990153,5.6195399105,9.090937638,5.707674933,7.338883608,6.773690156000001,6.963772343,7.966623122,6.762837909,9.6495213135,10.11373167,6.36796826,6.8110776215,5.951386883,7.4352618825,5.959590808,8.636523965,9.039051845,9.771682917,5.942417227,7.613170312499999,9.934164168,10.43282046,7.050886868,8.131868308,7.994373605,9.736910102,9.931559102,7.37615861,11.23236219,7.6779013775,7.647324313,6.54436424,ASD
GSM1033208,6.748031449,9.274106906,9.987907282,8.649235541333333,5.223770913,5.827709578,7.803650093,10.15001566,7.768688198,7.596690069,10.6942925135,6.4892787255,7.31650046,6.849922331,6.315034986,8.861660081,6.204467467000001,9.610914928,6.16936936,7.912881682,7.241807921,7.236473718,8.771535177,7.039515993,10.30119199,10.44300062,7.020028005,7.132244854,6.362947473,7.857701123,6.150866725,9.204879602,8.577314272,8.653114018,7.329656748,6.919274654500001,10.49107144,9.405723293,7.630037605,7.769280037,7.367558552,10.25570302,9.938363463,6.792672599,10.99874286,7.537650831,6.884763933,6.303236581,Control
GSM1033209,6.87210773,8.965818994,9.80575577,8.890644070666665,5.200835379,5.948893144,8.206318664000001,10.06675452,7.709016471,7.942019805,10.6907092895,6.542143207,7.694421451,7.197905892,5.74470328,8.965354173,5.6707405905,9.95315701,5.962361078,8.005168284,7.028031987,6.917061826,8.532900709,7.166506386,10.016277174,10.3013797,7.382876792,7.317837469500001,5.947673374,7.79322026,6.011291438,9.069899776,8.744943736,8.559747752,7.540859955,6.756463316,10.38734667,9.092530122,7.569057208,7.721110755,6.882069548,10.05402506,9.66825508,6.88950488,10.83613535,7.706096129,6.308900009,6.30631471,Control
GSM1033211,6.783868377,7.575346828,10.188229,8.509022282,5.215025226,5.756047684,6.5221450245,9.20099005,6.435847979,7.610335601,11.279598675,6.449131092,7.324384258,6.170319117,6.570727195,8.538125085,5.8763142185,9.307015447,6.16050729,8.256094635,6.978179233500001,7.217008965,7.701609289,6.910569908,10.120003185,10.34380703,6.817758704,6.902949468499999,5.820381493,7.1927309555,5.370245194,9.030767317,8.448176596,9.728777473,6.332265275,7.752611539,9.684523787,10.44300062,6.961153709,7.958116661,7.587069903,9.371768169,10.34271711,7.474968574,11.41987102,6.864597916999999,7.42443073,6.515665785,ASD
GSM1033212,6.590322359,8.082075075,10.5270919,8.480195375333333,5.078028251,5.726901596,6.923800303,10.45271793,6.761035014,7.865347841,11.56750524,6.8007442175,7.287840771,6.479988089,6.364399313,8.492339001,5.8698356035,9.503297649,6.275711935,7.783970704,6.2791748345,7.033211504,8.108186886,7.214412957,10.290713605,9.836726895,6.999776303,6.5565970185,6.121184097,7.724283446499999,5.539772375,8.821515187,8.767983423,9.741334326,7.142471064,6.5504246195,9.96577863,10.24316253,6.769692323,8.198816531,8.099439505,9.61160823,10.37783397,6.712442746,11.55104471,7.068388129500001,7.347525835,6.926097802,Control
GSM1033213,6.875438558,8.730629394,10.06291444,8.816910834666666,5.2856044,6.020364636,7.198002229,10.05318948,6.801952626,8.135804278,10.9620055,6.267147518,6.996191539,6.351234894,6.621247845,8.852443227,5.923387357999999,9.40633589,6.16411948,8.17834395,6.814104592,7.085185406,8.380080197,7.253519631,10.311440395,10.47971456,7.696450827,7.082076592,6.313837156,7.943064373,5.740069058,9.098114507,8.793481323,9.388074506,6.507173047,7.506215853,10.29019545,9.486196239,7.344369218,7.777196396,8.046545563,9.280805158,9.895402473,6.695626155,11.14204616,7.605734571,7.476022338,6.42272504,ASD
GSM1033214,7.356931139,7.984357333,10.8946043,8.041925748,4.976646881,5.444286665,6.672832766,9.666757754,6.091685395,7.908059777,11.795950035,6.152899279,7.574449231,6.207355085,6.534675984,8.505089248,5.868758205000001,9.595950846,5.910718112,7.525858588,6.4106966415,7.429078956,8.66085193,7.140692309,10.446714925,10.34606503,5.928907247,6.5952465345,6.44766066,7.6371305595,5.406776377,9.10873802,8.68159007,10.02422323,6.038239563,7.590072933,9.82592281,10.77422357,6.741683229,8.304566188,7.589924429,9.582213184,9.468345241,6.248101362,11.71727412,6.5888271375,7.327279484,6.974309049,ASD
GSM1033215,6.941634519,8.919691037,10.53998828,9.017171054666669,5.573585796,5.551625677,7.3508609695,9.920555936,7.915037024,8.317404047,10.756557635,5.811041591,7.465695412,6.763910042,6.458982415,8.665402618,5.810784746,9.380161623,6.10218249,7.85893993,6.9753294025,7.356931139,8.801641062,7.482488601,10.309422535,10.6188607,6.585534857,7.2723480925,6.252378733,7.8065782925,6.227461476,9.106469584,8.70372247,8.907666923,6.831168527,6.8981445855,10.65795845,9.406911574,8.080106178,7.830903827,7.881483725,10.06291444,10.00440407,6.757592767,10.93961894,8.326421112,7.255433895,6.574727917,ASD
GSM1033216,6.716387901,8.449915589,10.5777501,8.999232214,5.389769225,5.896111422,7.9033824315,9.949719044,7.079273118,7.702218009,10.961832045,6.8620453365,8.401503823,6.420123873,6.565229132,8.378535749,5.730082289,9.211579816,5.820765937,7.418961121,6.616537271,6.654035139,8.252646593,6.891635001,9.7737547965,9.573914188,6.401485854,6.877395314499999,5.999089657,7.7121101785,5.780409747,8.568092795,9.057516814,9.469652642,6.75952596,6.880730355,10.35418626,9.670317484,8.176705799,7.724765246,8.15208191,9.427067418,9.93917983,6.975527986,10.70875046,7.825324797,7.137959537,6.528858639,ASD
GSM1033217,6.544558904,8.552670763,10.16054752,8.832165303333333,5.187004195,5.579826649,7.25764328,10.22329978,7.387879146,7.639027445,10.805946525,6.504508781,7.662135108,6.299563641,6.375218804,8.109245895,5.8079833805,9.000616626,5.620426501,7.139697198,7.07007915,6.776523277,8.365943132,6.716154674,9.3749288645,9.002564479,6.348045777,6.1836362675,6.108920075,7.6638643685,5.935887411,8.125519447,8.907191932,9.484776122,6.647793027,7.2498519605,10.16327214,9.749404455,7.296633525,7.895713993,7.932197948,9.842957994,9.776190769,6.46895432,11.27581959,7.620809793999999,7.097168205,6.770085466,ASD
GSM1033218,6.416456655,8.091105499,10.07312753,8.478134139333333,5.357420164,6.111033509,7.360581209999999,9.784440958,7.377673338,7.612029589,11.54106186,6.251538292999999,7.361097827,6.492399229,6.445062254,7.923511173,5.7991076885,8.627574458,5.85998551,7.159523216,7.252120823,7.058444406,8.163050545,6.623148372,9.608422831,9.95477957,7.222754524,7.0666943315,5.792438865,7.7186594205,5.592816861,8.282181071,8.836349564,9.133556475,7.066431849,6.8677262345,9.958166316,9.802783063,7.547174265,7.501460664,7.247327048,9.166528842,9.34889606,6.762408831,11.17105415,7.3679516535,7.186586753,6.224140596,Control
GSM1033219,6.679498907,8.452919899,10.32133214,9.071083382666666,5.538734654,5.399893687,7.4728269975,10.49693806,7.457191559,7.43715797,11.084139315000002,6.586366239,8.065234,6.554565123,6.195187505,8.712489566,5.5387208205,9.724391436,5.927081924,7.747130425,7.3349379895,7.140919001,7.858040955,7.020690066,9.818153917,9.958166316,6.364905243,6.8283231475,6.060376301,7.6380945125,5.809525895,8.513996834,8.548382484,9.181445438,6.055546411,6.8321214545,10.21272876,9.627801572,8.79477724,7.7353182,7.519446201,9.716057356,9.747977936,6.936553027,10.91029056,7.953069549,7.300024313,6.670981955,ASD
GSM1033220,6.830354749,9.130896067,9.854254696,9.372558121,5.664025859,5.517941365,7.463202396,10.44060741,7.924253964,8.101766306,10.657935381,6.4567938565,6.84942678,6.711196339,6.286399061,8.392665828,5.9714066815,9.257268514,5.852797844,7.315746412,7.4670832035,6.967394656,8.353423678,7.027296255,9.7082628775,9.993857159,7.07347758,7.076938787,6.107928118,7.691591043499999,6.238449516,8.942639956,9.187578673,9.080399975,6.530607862,7.1934742105,10.75141955,9.524315559,8.617903145,7.456909367,8.340553433,9.57173379,10.02422323,6.613204862,10.58377744,8.32091146,7.331745288,6.486961063,ASD
GSM1033221,7.064665885,8.093408226,10.02159957,9.042652993666666,5.297112587,5.77491015,6.927043339,10.06571507,7.056108903,8.014178117,10.946165235,5.7530395495,7.951714534,6.349962757,6.669253086,8.551839774,5.850510304,9.366823733,5.947311121,7.654530139,6.944720298,7.031505751,8.290049141,6.965728578,10.228491515,10.34271711,6.160344155,6.993154775,6.123086164,7.629571195,5.789220718,8.78460553,8.70326785,9.444884933,7.342547504,7.0258429675,10.25088918,9.575252542,7.326230402,7.711937014,8.041371141,9.64365903,10.11630996,6.797763594,11.09551181,7.684247212500001,7.43872957,6.568373679,ASD
GSM1033222,6.67675859,7.892284747,10.47751846,8.736864279,5.651653222,5.593099397,7.408616087,9.899470458,7.648485746,7.902160027,11.16607332,6.298871943,6.731975635,6.350145254,6.732852539,8.571384309,5.801498181,9.420740083,6.060950333,7.965133664,6.916289616,7.016850151,7.842517975,6.953712943,9.848056948,10.26275381,6.858028557,6.82362505,6.053791108,7.3321547465,6.054822495,9.066641768,8.471652831,8.451055865,6.659933538,7.5981710505,10.32661155,9.693068996,7.491589803,7.829387514,7.695324079,9.717409162,9.347755133,6.611185769,11.37613494,7.517240069,7.489223097,6.526711417,ASD
GSM1033223,7.055442271,9.031263425,10.0034624,8.812305748333333,5.208171743,5.316098248,6.9844115955,9.396874577,7.451878173,7.052296124,11.29210155,6.3280094905,7.499554497,6.302886253,6.348789615,8.796199151,5.6861026065,9.58019678,6.009404402,7.535379835,6.8457587565,7.042584318,8.511341662,6.901064229,10.038749005,9.969066564,6.220168739,6.5623116885,6.221359674,7.483636413999999,5.865636321,8.34325568,8.812583677,9.317688837,6.779504407,7.518527902999999,10.27296775,10.0817293,7.429880107,8.112284804,8.075759482,9.85185341,10.20730657,7.380811037,11.25413323,7.6264743665,7.200472202,6.756933787,Control
GSM1033224,6.989423297,7.622559739,10.25088918,8.887512233,5.303308571,5.401055061,6.920851332,9.698794344,7.298951048,8.284257663,11.36097137,6.183927484,6.718900621,6.281391934,6.301277691,8.806175857,5.4548092215,9.880040804,5.993499628,7.929287383,6.7062538505,6.697476654,8.102133719,7.112336348,10.133994195,9.95477957,7.055442271,6.634035943000001,6.021071696,7.289742598,5.77643395,8.872969377,8.631283438,9.231233309,6.41405092,7.661964537999999,10.01914498,9.627801572,7.248777148,7.775316267,7.884278118,9.580893134,10.23206726,6.957044896,11.35493041,7.821689602499999,7.418429991,6.503244533,ASD
GSM1033225,6.896446836,7.722065011,10.16144074,8.604438503333334,5.127541574,5.335939725,6.510606973,8.515568369,6.666528831,7.512813736,10.958324365,6.2932034545,7.523381436,6.160034225,6.881322071,8.795686706,5.6698150695,9.656354193,5.76903748,7.981538962,6.835312622,7.063887131,8.21446426,7.099937189,9.8629508525,10.14793082,7.232719733,6.905757358000001,6.05108737,7.408582129,5.562045774,8.807991941,8.410944664,9.123537197,5.959957955,7.6374293085,9.978465148,9.824323213,7.036311769,7.899755035,7.676522923,9.730237021,9.560405609,6.254238776,11.4412376,7.3743993505,7.339465984,6.595666116,ASD
GSM1033227,7.132370344,8.164128274,10.0052877,9.251080767333333,5.522510076,5.479444932,7.0839530765,10.46513555,7.812821118,7.360578768,10.848850725,6.3163297985,7.089877704,6.542256294,6.318563364,8.915231908,5.978615920999999,9.54768374,5.964316117,7.811533889,7.288915584,7.218112486,8.370125562,7.16190172,10.157764705,10.30622957,7.000025226,7.1660391315,6.38614782,7.818049133000001,6.180311096,9.045986432,8.720608374,8.61942173,6.190560324,7.0918729435,10.56546728,9.449919242,7.659220413,7.256676482,8.011470343,9.863698032,9.825145832,6.94665573,11.09702611,7.838110916,7.475498948,6.442653014,ASD
GSM1033228,7.496197766,7.935609587,10.11821526,8.789943889666667,5.357387132,5.302941384,7.1716887475,10.14321945,6.588955713,7.619824741,11.123899155,6.326164054,7.226084733,6.453902047,6.272844912,8.81520497,5.8174245525,9.497961608,6.104927123,7.639294111,6.433596289,7.495680001,8.704152835,7.372787814,10.36252742,10.24501781,7.072456791,6.9501379275,6.623549346,7.6141489655,5.51383931,9.442396954,8.872053671,9.062892888,6.222170677,7.1369817895,10.41560523,9.775403963,7.326502916,7.715097286,8.045960576,9.317688837,9.76692642,6.846399478,10.99291968,7.621583906,7.037118111,6.666293902,ASD
GSM1033229,6.800813059,8.922208067,9.78600212,8.560048737,5.443225232,5.360159972,7.648829613,9.756740145,7.238346175,7.981892441,10.9450909865,6.5306279155,7.522829739,6.269541502,6.75580361,8.295865017,5.966214022,9.206601646,5.848298391,7.398998229,7.184863395000001,6.959439927,8.074456947,7.06489187,9.771658317,9.972313729,6.165663255,6.9699518355,5.932182242,7.533504111500001,5.828897331,8.601307529,9.021496708,9.54915223,6.533325085,7.627196659500001,10.36814165,9.689608431,7.756752517,7.83216654,7.487811754,9.462119322,9.83292455,6.814608652,11.27768135,7.613551514499999,6.570093517,6.610282167,ASD
GSM1033230,6.811000774,8.737980468,10.09644537,8.947495160666666,5.488811159,5.528108901,7.64297262,9.783747965,7.269170774,8.061940664,11.23149743,6.2621007495,7.589644635,6.433986614,6.74712675,8.960489495,5.6344165645,9.564990068,5.98383243,7.715424285,6.961931025,7.451043879,8.138526082,7.221686049,10.367047355,10.36814165,6.295361272,6.8104161405,6.200223854,7.832301937,5.914749474,8.859649111,8.874912357,9.723754992,6.673734393,7.445401003500001,10.36281341,9.490398219,7.645939073,7.863606997,8.252646593,9.209869533,10.20546465,6.664669545,10.92427607,7.7303147295,7.352459423,6.749780774,ASD
GSM1033231,6.785130702,8.383153191,10.07563625,8.656136897333333,5.081225668,5.847005753,6.998891057,10.14517372,7.027745669,7.639294111,11.16178709,6.96486633,7.599296852,6.326669074,6.550991989,8.139496694,5.778352248999999,9.007075728,5.740142896,7.430438236,6.8155296565,6.835838344,8.120754292,6.774949692,9.7880235775,9.467714928,6.805769098,6.49133866,6.218868232,7.4307113545,5.567957894,8.40792099,8.920228726,9.461566268,6.900139538,6.980679985,9.891428348,9.901808826,7.409481432,7.823233471,7.891964125,9.917172656,9.858194313,6.791994627,11.38957825,6.803338967,6.995478606,6.662205565,ASD
GSM1033232,6.56296129,8.99452134,10.19982629,8.619152859666666,5.333096275,5.729722498,7.28959985,9.413352405,6.38805211,7.427110877,11.613213115,5.72008457,7.377943578,6.184591739,6.565984936,8.30570502,5.788433804,8.931196374,5.785731951,7.415307695,6.6916638715,7.335645091,8.11091112,6.970704593,9.928753129,9.879302575,6.31616792,6.6075507745,6.03380919,7.509736479499999,5.526968601,8.384669841,9.079510479,9.809483708,6.126232145,7.2600237535,10.06291444,10.08087619,7.118960373,8.216219605,8.165775823,9.818683125,10.29656057,7.341527266,11.47762728,7.348730925,7.514436665,6.685233025,ASD
GSM1033233,6.760638992,8.552670763,9.923707184,8.879250921333334,5.259251163,5.397234386,7.435324362999999,10.01314287,7.411867095,6.853983466,10.99642111,6.543597369,7.389746035,6.182131322,6.19741272,8.324133085,5.825571998,9.073147454,5.927575922,7.175872367,6.8681418395,7.121345008,8.199864398,6.94281086,9.808126873,9.554444959,6.318381414,6.5767110065,5.894986266,7.650101881999999,5.736844155,8.408259126,8.520615142,9.162678161,6.689708114,7.076702331,9.909777183,9.758139207,7.645029947,7.707857774,8.082778165,9.327888408,10.34969132,7.089643632,10.69324256,7.860776703,7.47735327,6.430505486,ASD
GSM1033234,7.351730954,8.402220214,10.81069647,8.042977985,4.909019825,5.277377185,6.5132501485,9.34194876,6.21242681,6.975063562,11.444022395,5.7943007645,7.80657285,6.152734612,7.033712984,7.777196396,5.8073707635,8.776033191,5.522481942,7.528237461,6.729599183,6.15541449,8.923674803,6.720160983,8.499263490499999,9.210468921,6.878173273,6.349628399,6.501891817,7.900751011,5.492048038,7.84346689,9.275306987,9.529894363,6.532597058,7.970619752999999,9.678069795,10.42836521,6.262484918,8.087525127,7.695901478,10.17952918,9.920555936,7.055442271,11.40759651,6.933091611,8.316390736,7.002684492,ASD
GSM1033235,7.208460079,9.919649126,9.860647261,9.273334776666667,5.996515378,5.781279237,7.945874124,10.10541314,8.107794901,8.602519497,11.437471405,7.127069148,7.225359145,6.999102544,6.208974014,7.805702114,6.28812954,8.764313126,5.74398396,7.325962036,7.907450351,6.265005953,9.004546742,6.99426071,8.8278902405,9.444219515,6.801042357,7.075495616,6.587688072,7.7472118575,6.171158161,8.539257778,8.943603321,8.813002994,6.892753368,6.719996151,10.81338458,10.09274299,8.704601637,7.579583918,7.854980708,11.12691047,9.491611729,6.143623565,11.13190334,7.984137285,7.867001748,6.516811558,Control
GSM1033236,7.601209798,8.208183334,10.43395214,8.023491085333333,4.967776765,5.379618056,6.4166879415,9.799856386,6.271342495,7.639027445,11.798353405,5.9115814625,7.77165397,6.493736003,6.959439927,8.206844679,5.9635857665,9.068230091,5.975180382,7.519993997,6.2753868185,7.034412152,8.501609949,7.236010275,10.026056242,10.483048,6.19358861,6.6418809855,6.595043191,7.8469932525,5.312210135,8.322640455,9.274679651,9.54768374,6.684804044,7.435154964500001,9.925188627,10.54354674,6.25677505,8.28494839,8.1064102,10.76865421,10.41769936,6.791084851,11.81316422,6.334101183,7.928655509,7.126796815,ASD
GSM1033237,7.42596897,11.77554797,10.07739847,9.518098123666666,5.405105795,5.402026675,6.950603433,9.391854458,8.568926516,7.631469595,10.658579765,7.775887136,7.867877511,6.606960274,6.876780586,8.226768048,6.247268859,9.322414839,5.632500544,7.484718904,6.853587237499999,6.209281744,10.08432836,7.061942709,9.048068394,9.880878113,5.293311702,6.6746702995,6.795064194,8.4344919125,7.204792572,8.016369935,9.618770735,8.72800436,5.899159616,7.9081522205,10.7101082,9.304595131,7.491589803,7.757656628,8.741038581,9.325494114,10.457296,6.784728955,10.57389922,8.0194455475,7.584119008,6.885007129,ASD
GSM1033238,7.153948363,10.93185413,10.10449022,9.495327886,5.532275828,5.26419414,7.2795037805,9.281391263,8.169839195,7.321795306,11.034712875,7.425514395,7.896010591,6.387727379,6.873565355,8.132224605,5.920827751,8.876254876,5.673326701,7.225359145,6.821930311499999,6.137008934,9.283258471,6.747813561,9.2232606925,9.693068996,5.427833249,6.426113338,6.46730169,7.910017679500001,6.943269926,7.58846603,9.467084512,9.20208582,6.028342098,7.905707984499999,10.28313337,9.752953497,7.6369916,7.952058388,8.351490466,8.935512172,10.74490063,7.689032478,10.98831414,8.3669832755,7.458048379,6.900139538,ASD
GSM1033239,6.567987885,7.733632015,10.3396129,8.365298534999999,5.104444236,5.41290468,6.6242208730000005,9.97315376,6.753510399,7.66820176,11.399375585,5.8752979625,7.404948775,6.466582367,6.573907357,8.401503823,5.499129085,9.433486743,5.841461858,7.407618758,6.6317479085,7.214723212,7.898190746,6.929275227,9.90151827,10.06291444,6.431019157,6.4430885875,5.840884865,7.1848311365,5.701487876,8.368954547,8.908194684,9.949037833,6.262168612,7.699372521500001,9.854254696,10.18710067,6.944138035,8.136164744,7.198438557,9.273516122,10.15575087,7.396586048,11.43298373,6.704893544,7.440833565,6.762616714,ASD
GSM1033240,6.561223413,8.517103039,9.776190769,8.705162900333333,5.178991818,5.472307435,7.168014587,10.15001566,7.253519631,8.144872918,10.669378975,6.727941304,7.675067928,6.868160777,6.417784305,8.452919899,6.445163924,9.462119322,5.861559888,7.774706095,7.2410938665,6.973801856,8.424838721,7.521667152,10.328982975,10.37030783,6.444670016,6.7475899215,6.424016284,7.73634133,5.42753795,8.983572463,8.903939326,9.170429981,6.931142693,7.4688504235,10.29464212,9.810198251,7.553663392,7.798166109,7.06170785,10.17189655,9.697277207,6.654220273,11.23751063,7.05649037,6.42384505,6.740047358,ASD
GSM1033241,6.645049225,8.574935194,9.988622293,8.586392189,5.184437735,5.489729591,7.238273202,9.94002589,7.234992012,8.037069984,10.99003415,6.5867040835,7.803553908,6.663612148,6.509908224,8.327090716,5.7688553225,8.936540286,5.909885562,7.595273471,7.0296988835,6.937906442,8.195703519,6.915962954,9.7766213335,9.696582081,6.535472486,6.6698263475,6.142419213,7.516110162499999,5.669616597,8.525870914,8.984067811,9.308044136,6.89207108,7.400889395,10.09739721,9.728016152,7.479315352,7.716878321,7.872746197,10.09274299,10.18246432,6.860950077,11.37412106,7.174728432,7.187072016,6.511617174,ASD
GSM1033242,6.543991152,8.431447654,9.68174796,8.461013609666667,5.302562671,5.530082214,6.992969175000001,10.32770213,7.190463537,7.513648029,11.005091395,5.908866915,7.153452758,6.334739829,6.564193345,8.723310278,6.307195303,9.849641922,6.223176293,7.77165397,7.0262688955,7.17685406,8.016040512,7.237024905,10.83402166,10.49803191,7.007403195,6.631597671,6.003389185,7.7281397775,5.697305667,8.882664657,8.455205445,9.081808928,6.725217797,7.651349212499999,10.15575087,10.10449022,7.295345373,8.065234,6.695175954,10.11459454,9.695830915,6.58749831,11.49574734,7.533395181499999,6.362296752,6.434682601,Control
GSM1033243,6.651522347,8.859649111,9.236519814,8.970884514333333,5.497568778,5.264716439,8.346102987,10.13751935,7.07045725,7.2632278,10.0801159115,6.5234484015,6.927655245,6.462235851,6.259439668,8.303163612,6.116502657,9.015512111,5.893531192,7.3924056,6.840186237499999,6.596445218,8.560911689,7.115189972,9.696983559,10.16815453,6.404174614,7.195143887,6.057332108,7.791667976999999,5.720809606,9.110475727,9.134114465,9.073147454,6.900582168,7.371728685999999,10.35932255,9.57173379,7.381343104,7.579583918,7.166957862,9.569049807,9.285009944,5.766977242,10.82542434,7.547103938,6.654834643,6.279726582,ASD
GSM1033244,6.691811235,8.583173107,9.461566268,8.731162433666666,5.140191461,5.409353346,7.2771384585,10.11459454,6.559439612,8.215510597,10.8840306185,6.8149516425,7.038057423,6.151970014,6.649634494,9.141370084,5.652307802999999,9.896205527,6.204240599,8.304933042,6.945291897500001,7.206921795,8.086574381,7.349861875,10.494234705,10.89873708,7.095097009,7.001104922,6.08215805,7.154684189,5.780244901,9.473594124,8.672984727,9.555172624,6.838739667,7.3259367695,10.05059931,9.967361797,7.774426263,7.738538281,6.64838952,9.80575577,9.163230308,6.71011354,11.42622361,7.6448137605,6.301277691,6.472409152,ASD
GSM1033245,6.924883761,7.788013949,9.322414839,8.564382867666666,5.173489334,5.203793988,6.1536306935,9.545015493,6.424389007,7.906243362,11.05281115,6.4639790665,7.075998939,6.078207821,6.811713639,8.328934414,6.1217904615,9.296302669,5.993635558,7.246789504,6.597706491,6.796345872,8.323049791,7.206921795,10.19338801,10.20166414,5.642760348,6.8337148165,5.88411206,7.656413349999999,5.382572795,8.962541472,8.848181056,8.956048642,6.263463575,6.897036558,9.959725022,9.809483708,7.181717318,8.085209308,7.366206788,9.799127942,9.584971119,6.378100135,11.62571595,7.0585502925,6.179998906,6.522308002,ASD
GSM1033246,7.001249736,8.301299483,9.706593788,8.761728995333334,5.28634303,5.424119152,7.769992624,10.51564928,7.310119375,7.612291488,10.998449075,5.7092312755,6.900139538,6.329815474,6.254920717,8.355262636,6.4003761595,9.174297536,6.005850097,7.038057423,6.57171619,6.913578164,8.538813261,7.00223527,10.0028083545,10.29941113,7.052521389,6.965107677500001,6.500815998,7.629170947,5.915203094,8.781987066,8.674962388,8.436127414,6.067457077,7.0824218565,10.43607039,9.893060793,7.378714869,7.458830975,7.46841034,10.05677052,9.677382952,5.664025859,10.97312972,7.457550456,6.675687519,6.258100421,Control
GSM1033247,6.896243136,8.652637902,10.03163836,8.990523735666667,6.133135641,5.411684409,7.85483456,9.997946373,8.925774674,8.291095401,10.87470215,6.444800793,6.953958189,6.407748648,6.142560773,8.674962388,6.220491855500001,9.420071893,6.114532221,7.781417849,7.492737028500001,6.864958444,8.057725711,7.115687398,10.065626435,9.95477957,6.834079664,6.489809210500001,6.191158544,7.7354440445,6.63750574,8.790037523,8.434520623,9.100247037,6.643575055,7.2292442005,10.53183254,9.705944052,8.583892397,7.401922678,7.37615861,9.824323213,9.825145832,6.389466749,10.98680556,8.488721034000001,6.777831554,6.169539601,Control
GSM1033248,6.668828968,8.243506803,9.683068808,8.794128803333333,5.370566987,5.190263609,7.154100467999999,10.24501781,6.99261712,7.531254422,10.9759300565,5.8346657925,6.786698183,6.346936883,6.564008126,8.782468031,6.340370514,9.767675243,6.280244329,8.347337482,7.5038742275,6.670387391,8.252990153,7.249524962,10.398485345,10.42520095,7.707857774,6.887832438,6.015496363,7.5298184975,5.957148282,9.426427646,8.340930387,9.248571131,6.849654724,7.185726955,10.19005838,10.03621946,7.597250582,7.717210147,7.144211518,10.32013912,9.901808826,6.615364938,11.42622361,7.057335137500001,6.454243709,6.573714024,ASD
GSM1033249,6.733772225,8.24915119,9.702322975,8.487719132666667,5.131411951,5.629047725,7.589467567,10.08007617,6.477809144,7.549044007,10.721984188,6.551167105999999,7.463754575,6.230930781,6.506595194,8.473172027,6.149546506,9.253765087,6.308395354,7.331973547,6.4189073035,6.985187989,8.450299689,7.128502311,10.26132772,10.34606503,6.989423297,6.849811455,6.195025671,7.550252805499999,5.491670216,9.167656064,8.99256793,8.93747805,6.369977853,6.9460990895000005,10.32343186,9.71674399,7.044932045,7.543240982,7.260328982,9.659638945,9.332760377,6.605954837,11.22094898,7.0891547425,6.313837156,6.571717797,ASD
GSM1033250,7.044461573,8.735449678,9.53252142,10.020514340333332,5.877397589,5.423445497,6.9883247265,10.69828719,8.135106906,8.408646059,10.437628221,6.3698660645,7.397389175,6.453725562,6.397382584,8.922719622,5.963742708,9.828920612,6.17064278,7.34859666,9.004037327999999,6.889086667,8.773767337,7.411044193,10.180458355,10.26384028,6.231249362,6.7843128755,6.415179484,7.657744357499999,6.70687541,8.913365537,8.814308476,9.223002964,6.557872811,6.9110134695,11.39731141,9.686793189,9.517524589,7.624555832,7.413185492,9.703752098,9.3075286,5.979088072,10.89019056,9.503046071,6.469154734,6.438081695,ASD
GSM1033251,7.023572879,8.019886364,9.8465495,8.66811924,5.067227491,5.64473855,7.027948905,10.11536476,6.610575716,7.856784011,11.128088685,5.798823667500001,7.003146729,6.233607165,6.40848292,9.065507562,5.8384765045,9.776190769,6.176788769,8.1064102,7.0045342945,7.017813802,8.318431876,7.193991027,10.4161123,10.63229908,7.101157567,7.028927813999999,6.272922099,7.352124414,5.475377669,9.245692439,8.793073925,9.210468921,6.131912846,7.711355195,10.22725436,9.918812799,7.115932464,7.609514307,7.188983967,9.425184923,9.68174796,6.694930359,11.02486504,7.0686487125,6.511617174,6.297579473,ASD
GSM1033253,7.004504789,8.916775932,9.724391436,9.412046296,5.458877711,5.99377408,7.098291462500001,10.85662147,7.507776852,8.062295711,10.231436817,6.7873736575,6.90433979,6.801265046,6.523262537,8.981199633,5.8303173225,9.821881492,6.26043036,7.756456708,8.126165206,6.748260778,8.777328232,7.390214043,9.761884699,9.66825508,6.436034024,6.8303464155,6.298083671,7.756231541,5.947572971,9.420740083,8.62680045,8.621968297,6.552733558,7.050202565999999,10.63913714,9.394903059,8.505806861,7.360299632,7.474695557,10.22817938,9.192593476,6.069929559,10.79615527,8.26898026,6.975527986,6.542830024,ASD
GSM1033254,6.557872811,7.674751655,10.14698306,8.311311886666667,5.225594437,5.78538063,7.0742727245,9.860647261,6.442653014,7.998658307,11.334709555,5.9405386335,7.757358191,6.356730126,6.737376088,8.548799726,6.066855126,9.302221546,6.183931529,7.074161853,6.833885742,7.476843206,8.439168999,7.188274359,10.913451215,10.49107144,5.972704955,6.4686385665,6.133575206,7.738260004,5.565606976,9.059248156,8.592172924,9.817754623,6.924652108,6.652431882,9.977617007,10.39638411,6.656024702,8.572192735,6.830844039,9.711624242,10.08973637,7.244052768,11.57963104,6.534569405999999,6.339079384,6.63807184,ASD
GSM1033255,7.048542637,7.919732986,10.05677052,8.508495201,5.146143294,5.80502336,6.3917290575,10.27595078,6.478196246,8.096295628,11.28889136,6.42683356,7.11181324,6.421214212,6.881322071,8.553868764,5.9278673390000005,9.57173379,6.380079401,7.289111741,6.441449104,7.266070784,8.402961389,7.161031885,10.44495076,10.62983174,6.55868041,6.8434229935,6.253554214,7.572920636,5.492415407,8.831797396,8.73840038,9.422069445,7.456017846,6.841524558,10.17592479,10.36607127,6.969525949,7.87820175,6.926335267,9.970670018,9.892232545,6.997171293,11.53993006,7.0180858695,6.786484764,6.699684582,Control
