ID,Description,setSize,enrichmentScore,NES,pvalue,p.adjust,qvalue,rank,leading_edge,core_enrichment
GO:0050907,detection of chemical stimulus involved in sensory perception,416,-0.37995774828688145,-2.183624395870451,1e-10,1.015e-7,9.307017543859649e-8,4368,"tags=39%, list=26%, signal=29%",390078/81050/254786/401992/26476/81300/401667/219469/79501/343169/26737/283189/219870/392392/342372/26664/219865/285659/81327/81328/440153/119695/119749/390152/79473/26188/219858/403282/219464/442186/128366/4995/343406/390061/219869/390437/50839/81399/135948/403244/347169/390199/401666/390326/120787/26341/563/5284/50835/390431/127623/338662/79290/26682/392390/219431/391194/126370/26189/390075/50836/81285/284532/50831/219983/343173/79310/391192/390265/403273/390648/196335/390190/338755/119687/442191/441669/26658/283092/344561/50840/128368/81392/390181/219429/390093/390063/259286/119774/391114/343563/9033/346517/390264/1258/26538/8392/392309/403284/441933/127077/283111/390154/286362/134083/81099/401993/26211/389090/390067/390059/7442/121364/391196/390157/80835/403274/390892/402317/347168/26529/26494/391109/26686/402135/26683/341418/283162/219482/256892/259296/390038/138882/1469/344892/64108/341568/135946/219432/219447/5304/390142/26333/284433/79544/504189/4991/4993/390036/219417/79339/441670/26248/79345/119764/2779/441308/390275/81470/219477/119682
GO:0009593,detection of chemical stimulus,453,-0.37401130437549024,-2.1407918067995735,1e-10,1.015e-7,9.307017543859649e-8,4302,"tags=39%, list=26%, signal=30%",254786/401992/26476/81300/401667/219469/79501/808/343169/26737/283189/3164/219870/392392/342372/26664/219865/285659/81327/81328/440153/119695/119749/3779/390152/79473/26188/219858/403282/219464/442186/128366/4995/343406/10333/390061/219869/390437/50839/81399/6648/135948/403244/347169/390199/401666/390326/51167/120787/26341/563/5284/50835/390431/127623/338662/79290/644168/26682/392390/219431/391194/126370/6262/26189/390075/50836/81285/284532/50831/219983/343173/79310/391192/390265/403273/390648/196335/64581/390190/338755/119687/442191/441669/26658/283092/344561/50840/7099/128368/81392/444/390181/219429/390093/390063/7096/259286/119774/391114/343563/9033/845/23643/346517/64127/390264/1258/26538/8392/392309/403284/441933/127077/283111/6857/390154/286362/134083/81099/401993/26211/389090/390067/390059/7442/121364/391196/390157/80835/403274/390892/402317/347168/26529/26494/391109/26686/402135/26683/341418/283162/219482/256892/259296/390038/138882/1469/344892/64108/341568/135946/219432/219447/5304/390142/26333/284433/79544/504189/4991/4993/3929/390036/219417/79339/441670/26248/79345/119764/2779/441308/390275/81470/219477/119682
GO:0050911,detection of chemical stimulus involved in sensory perception of smell,375,-0.3745426211686522,-2.110811819576589,1e-10,1.015e-7,9.307017543859649e-8,4368,"tags=38%, list=26%, signal=29%",390078/81050/254786/401992/26476/81300/401667/219469/79501/343169/26737/283189/219870/392392/26664/219865/285659/81327/81328/440153/119695/119749/390152/79473/26188/219858/403282/219464/442186/128366/4995/343406/390061/219869/390437/81399/135948/403244/347169/390199/401666/390326/120787/26341/390431/127623/338662/79290/26682/392390/219431/391194/126370/26189/390075/81285/284532/219983/343173/79310/391192/390265/403273/390648/196335/390190/338755/119687/442191/441669/26658/283092/344561/128368/81392/390181/219429/390093/390063/119774/391114/343563/346517/390264/1258/26538/8392/392309/403284/441933/127077/283111/390154/286362/134083/81099/401993/26211/389090/390067/390059/121364/391196/390157/403274/390892/402317/347168/26529/26494/391109/26686/402135/26683/341418/283162/219482/256892/390038/138882/341568/135946/219432/219447/390142/26333/284433/79544/504189/4991/4993/390036/219417/79339/441670/26248/79345/119764/441308/390275/81470/219477/119682
GO:0007608,sensory perception of smell,405,-0.35761371888237814,-2.0445082529429435,1e-10,1.015e-7,9.307017543859649e-8,4485,"tags=39%, list=27%, signal=29%",390321/158046/390271/390323/390078/81050/254786/401992/26476/81300/401667/219469/79501/343169/26737/283189/219870/392392/26664/219865/285659/81327/81328/440153/119695/119749/390152/79473/26188/219858/403282/29991/219464/442186/128366/4995/343406/390061/219869/390437/81399/135948/403244/347169/390199/401666/390326/120787/26341/390431/127623/338662/79290/26682/392390/219431/2778/391194/126370/26189/390075/81285/284532/219983/343173/10941/79310/10678/391192/390265/403273/390648/196335/390190/338755/119687/442191/441669/26658/283092/344561/1813/128368/81392/390181/219429/390093/390063/119774/391114/343563/346517/390264/1258/26538/8392/392309/403284/441933/127077/283111/390154/286362/2774/134083/81099/401993/26211/389090/390067/390059/1260/121364/391196/390157/403274/390892/402317/347168/26529/26494/391109/26686/402135/26683/341418/283162/219482/256892/390038/138882/123016/341568/135946/219432/219447/390142/26333/284433/79544/504189/4991/4993/390036/219417/79339/441670/26248/567/79345/119764/441308/390275/81470/219477/119682
GO:0007606,sensory perception of chemical stimulus,469,-0.35228772164373723,-2.0336463057676517,1e-10,1.015e-7,9.307017543859649e-8,4302,"tags=37%, list=26%, signal=28%",254786/401992/26476/81300/401667/219469/79501/317701/343169/26737/283189/219870/392392/342372/26664/219865/285659/81327/81328/440153/119695/119749/390152/79473/26188/219858/403282/29991/219464/442186/128366/4995/343406/390061/219869/390437/50839/81399/135948/403244/347169/390199/401666/390326/120787/26341/563/5284/51764/50835/390431/127623/338662/79290/26682/392390/219431/2778/391194/126370/26189/390075/50836/81285/284532/50831/219983/343173/10941/79310/10678/391192/390265/255022/403273/390648/196335/390190/338755/119687/442191/441669/26658/283092/344561/1813/50840/128368/81392/390181/219429/390093/948/390063/259286/119774/391114/343563/9033/346517/390264/1258/26538/8392/392309/403284/441933/127077/283111/390154/286362/2774/134083/81099/401993/26211/389090/390067/390059/1260/7442/121364/431704/391196/390157/80835/403274/390892/402317/347168/26529/26494/391109/26686/402135/26683/341418/283162/219482/256892/259296/390038/138882/123016/1469/344892/64108/341568/135946/219432/219447/5304/390142/6340/26333/284433/79544/504189/4991/4993/390036/219417/79339/441670/6338/26248/567/79345/119764/2779/441308/390275/81470/219477/119682
GO:0050906,detection of stimulus involved in sensory perception,486,-0.3459362129233441,-2.0080047007469455,1e-10,1.015e-7,9.307017543859649e-8,4517,"tags=39%, list=27%, signal=29%",50834/388531/390321/390271/390323/2916/6010/390078/222662/81050/3776/23621/254786/401992/26476/81300/401667/219469/79501/343169/26737/283189/219870/392392/342372/26664/219865/285659/161497/81327/5475/778/81328/440153/119695/119749/390152/79473/26188/219858/403282/219464/442186/128366/346007/4995/343406/390061/219869/390437/50839/81399/135948/403244/347169/390199/401666/390326/120787/26341/563/5284/50835/390431/127623/338662/79290/84694/26682/392390/219431/391194/126370/26189/796/390075/50836/22911/81285/284532/50831/219983/343173/79310/391192/390265/403273/390648/196335/2898/55584/390190/338755/119687/1301/442191/441669/26658/283092/344561/50840/128368/81392/390181/219429/390093/390063/259286/6387/119774/391114/343563/9033/11280/3249/346517/3356/390264/1258/26538/8392/392309/403284/441933/127077/283111/390154/286362/134083/81099/401993/26211/389090/390067/390059/51761/7442/121364/5961/391196/390157/80835/403274/390892/402317/347168/26529/26494/391109/26686/402135/26683/341418/283162/219482/256892/259296/390038/138882/1469/344892/64108/341568/135946/219432/219447/5304/390142/26333/284433/79544/504189/4991/4993/390036/219417/79339/441670/26248/79345/119764/2779/441308/390275/81470/219477/119682/27185
GO:0002181,cytoplasmic translation,156,0.4907770916960382,2.2042376208493666,2.9150922075261995e-10,2.536130220547794e-7,2.3254983700641338e-7,4276,"tags=53%, list=26%, signal=39%",6208/26986/6167/6142/6143/27335/1968/1819/51386/2197/8666/6146/6124/8664/1975/6156/6125/7311/54956/11224/6202/6188/6169/6207/8667/6222/6204/6147/6165/6191/6193/8665/4736/6194/6161/51389/6155/7812/4733/221120/6128/8894/170506/23521/6132/6130/1974/25873/56339/6158/1967/2107/51441/3184/24140/6209/3646/6137/6218/6228/8661/6138/6135/6217/6187/4904/200916/6139/6224/6129/64506/6234/6157/8663/6175/6203/6173/6133/6136/8662/6176/8892
GO:0022613,ribonucleoprotein complex biogenesis,386,0.37628168182126853,1.8923125857056677,9.34047532510379e-10,7.110436841235261e-7,6.519897578904687e-7,3107,"tags=32%, list=19%, signal=26%",55153/54552/6208/10262/100151683/8175/27335/153443/1968/5036/55661/81875/51386/2197/9733/55646/8666/54960/29063/8664/1975/23404/6125/2971/472/27043/6838/51388/7536/6733/11224/28987/6202/85865/6169/23076/6207/8667/9879/6165/6191/6193/29777/6634/56949/54853/83732/10436/83743/8665/84128/50628/1662/6194/10594/708/51187/92345/134430/6155/113000/55794/26121/7520/55003/10799/65095/55692/54700/6839/79707/51154/8894/23521/8886/9724/27079/84135/6130/84946/2091/84881/23020/81887/23212/80135/10291/57602/26149/1653/51367/11171/55341/9416/54913/27339/96764/51441/54475/6627/23451/6209/55272/51116/1736/3646/57819/26835/26284/25983/6218/10600/8996/10978/6228/8661/27340/6637/117246/6135/6217/57647
GO:0042742,defense response to bacterium,296,-0.3508655314895449,-1.9432546964202264,2.4493276711700673e-9,1.6573783908250787e-6,1.5197290404160477e-6,4083,"tags=36%, list=24%, signal=28%",4843/4790/7432/6556/6283/90865/6700/5553/57115/2207/57817/840/5544/10333/3570/54210/23166/3346/503841/1672/100507436/353144/6280/56169/5650/4615/2358/3606/351/140832/5580/245932/122651/796/5897/23208/81035/1670/64332/163351/9971/5027/5587/245908/2896/7099/353142/948/1755/504180/245909/6779/2243/3148/259239/58484/2220/7425/64127/85569/3553/1610/3586/6279/133/10392/4939/79792/4671/2633/414325/22861/338339/115361/29108/2634/84868/4940/85480/130120/115362/58985/353143/7110/90070/4852/306/613209/114770/117285/6565/9636/4938/331/3593/3929/6338/837/567/55876/834/56833/6868/1113/245936/2209/2635
GO:0070269,pyroptotic inflammatory response,37,-0.6627665114637863,-2.5218414631974664,2.728308466213208e-8,1.6615398559238438e-5,1.5235448856064285e-5,2251,"tags=49%, list=14%, signal=42%",841/4210/58484/9839/81030/79792/4671/2633/22861/29108/2634/115362/3429/9447/837/55876/834/2635
GO:0032732,positive regulation of interleukin-1 production,69,-0.5245142957937486,-2.2906156329782843,2.5473754039074227e-7,1.1933474007535542e-4,1.0942369649982897e-4,2901,"tags=49%, list=17%, signal=41%",4615/6348/351/796/6288/3146/51311/5004/64581/841/5027/353514/7099/948/4210/58484/64127/6363/10392/79792/177/4671/22861/29108/3717/84868/116337/115362/3965/7474/113277/9447/3428/834
GO:0032612,interleukin-1 production,107,-0.4481393530088553,-2.130967700446946,2.4541358585418805e-7,1.1933474007535542e-4,1.0942369649982897e-4,3025,"tags=44%, list=18%, signal=36%",2693/51738/4615/6348/351/11006/796/59082/6288/3146/51311/5004/64581/9971/841/5027/353514/7099/948/4210/58484/64127/3586/6363/10392/79792/2864/177/1992/4671/7128/22861/29108/3717/84868/116337/115362/409/634/3965/5371/7474/113277/9447/3428/834/114769
GO:0032652,regulation of interleukin-1 production,107,-0.4481393530088553,-2.130967700446946,2.4541358585418805e-7,1.1933474007535542e-4,1.0942369649982897e-4,3025,"tags=44%, list=18%, signal=36%",2693/51738/4615/6348/351/11006/796/59082/6288/3146/51311/5004/64581/9971/841/5027/353514/7099/948/4210/58484/64127/3586/6363/10392/79792/2864/177/1992/4671/7128/22861/29108/3717/84868/116337/115362/409/634/3965/5371/7474/113277/9447/3428/834/114769
GO:0045071,negative regulation of viral genome replication,47,-0.5833735611908589,-2.360356916317146,3.2080942006835565e-7,1.3955209772973471e-4,1.2796195289192683e-4,3666,"tags=57%, list=22%, signal=45%",6041/200315/3669/56829/9582/10410/5610/8519/3456/64135/684/4599/117854/24138/4939/8091/3434/63901/91543/8638/4940/60489/9636/200316/4938/5359/3428
GO:0006417,regulation of translation,325,0.3575343087424765,1.7664225230250277,3.4652784799170733e-7,1.4069030628463316e-4,1.2900563042779e-4,3213,"tags=30%, list=19%, signal=25%",54915/5814/6208/22927/26986/48/127933/56478/27335/1611/65094/5036/10657/54890/207/29904/23173/10209/56648/29063/163255/8664/1975/1938/6125/5583/246175/54956/10128/6188/6169/79048/23107/1656/8667/9698/6191/3315/3609/23367/5813/5436/2043/10140/10644/83667/26610/10102/55250/84271/1984/708/23019/1979/57472/7812/342977/1965/6195/65110/221120/253314/170506/5976/23521/8087/1974/84881/26135/7057/56339/1653/27102/8440/57690/2107/51441/3184/28969/1153/285367/51247/29883/7832/3646/51123/25983/10600/26065/2309/65018/29118/6659/124540/55140/1545/4904/343472
GO:0032731,positive regulation of interleukin-1 beta production,58,-0.5393740166074378,-2.2964384595421903,6.983600722012464e-7,2.658133024815994e-4,2.437368541465534e-4,2901,"tags=60%, list=17%, signal=50%",6774/2150/5005/24145/10333/3670/4615/6348/351/51311/5004/64581/841/5027/353514/7099/948/4210/58484/64127/6363/10392/79792/177/4671/22861/29108/3717/115362/3965/7474/113277/9447/3428/834
GO:0045088,regulation of innate immune response,433,-0.28224603532541065,-1.6130339037562438,8.879478751665157e-7,3.1809426822141653e-4,2.91675757136741e-4,2616,"tags=27%, list=16%, signal=24%",7189/81035/100132285/929/10524/78989/103/84640/3146/64332/3764/51311/5610/7409/3630/5777/55061/64581/9971/8473/841/5336/5027/64922/6895/1452/133060/9865/5587/10906/1813/2896/7099/55269/79132/81622/3456/153090/948/64135/7096/4210/5771/93978/148022/3148/23643/58484/2220/64127/11213/330/3430/81030/117854/6279/7040/2810/10392/1378/84885/4671/7128/10859/22861/80216/10084/29108/91543/25939/2634/84868/8638/4940/55601/8807/85363/130120/4792/3135/115362/409/353091/2213/81790/695/634/54625/3965/164/11274/3665/3952/6565/9636/5063/4938/331/3593/9111/7474/81793/2867/3929/710/5359/9447/92610/3428/83666/5468/834/56833/7100/29126/84166/118788/387837
GO:0034341,response to type II interferon,117,-0.42180478986976905,-2.0509325493457484,1.161079044544346e-6,3.9283174340417037e-4,3.602061012460676e-4,3770,"tags=44%, list=23%, signal=34%",3263/961/8942/9076/445/3055/383/3659/3799/6348/10435/6810/361/10096/3113/10410/972/163351/133060/8519/7099/684/4210/169026/5771/6672/1612/51667/815/2643/2633/6772/115361/3717/958/2634/6347/115362/2204/54625/3965/199/4435/55647/3593/7474/83666/5468/834/84166/2635
GO:0032611,interleukin-1 beta production,90,-0.4552534255388568,-2.1005354265835576,1.3934239393526147e-6,4.227130356283355e-4,3.8760567868089535e-4,3181,"tags=44%, list=19%, signal=36%",80149/2693/51738/4615/6348/351/11006/59082/51311/5004/64581/841/5027/353514/7099/948/4210/58484/64127/6363/10392/79792/2864/177/1992/4671/7128/22861/29108/3717/115362/409/3965/5371/7474/113277/9447/3428/834/114769
GO:0032651,regulation of interleukin-1 beta production,90,-0.4552534255388568,-2.1005354265835576,1.3934239393526147e-6,4.227130356283355e-4,3.8760567868089535e-4,3181,"tags=44%, list=19%, signal=36%",80149/2693/51738/4615/6348/351/11006/59082/51311/5004/64581/841/5027/353514/7099/948/4210/58484/64127/6363/10392/79792/2864/177/1992/4671/7128/22861/29108/3717/115362/409/3965/5371/7474/113277/9447/3428/834/114769
GO:0042254,ribosome biogenesis,265,0.36676698735137303,1.7811699388756905,1.457631157339088e-6,4.227130356283355e-4,3.8760567868089535e-4,3107,"tags=31%, list=19%, signal=26%",55153/54552/6208/153443/5036/55661/81875/2197/55646/29063/23404/6125/2971/27043/6838/51388/11224/28987/6202/85865/6169/23076/6207/6165/6191/6193/29777/54853/83732/10436/83743/84128/50628/1662/6194/708/51187/92345/134430/6155/113000/55794/7520/55003/10799/65095/54700/6839/79707/51154/8886/9724/27079/84135/6130/84946/2091/84881/81887/23212/80135/57602/26149/51367/55341/54913/51441/54475/6209/55272/51116/1736/26284/25983/6218/10600/6228/27340/117246/6135/6217/57647
GO:0022618,protein-RNA complex assembly,165,0.41620967619951665,1.8811629230788367,1.6145082004108225e-6,4.469252245682686e-4,4.0980698579805807e-4,3559,"tags=37%, list=21%, signal=29%",6208/10262/100151683/8175/27335/1968/51386/2197/9733/8666/54960/8664/1975/6125/472/7536/6733/6169/8667/9879/6193/29777/6634/56949/8665/50628/10594/92345/55794/26121/7520/55692/51154/8894/23521/23020/23212/10291/1653/11171/9416/27339/96764/6627/23451/6209/1736/3646/57819/26835/26284/8996/10978/8661/6637/6135/120379/26824/79760/91746/6234
GO:0045824,negative regulation of innate immune response,90,-0.4481275793442993,-2.067656832955543,2.638005735392753e-6,6.984980403713855e-4,6.40486060698332e-4,3286,"tags=44%, list=20%, signal=36%",383/100507436/3134/7301/6773/103/84640/3630/5777/55061/133060/10906/1813/2896/79132/5771/11213/7040/2810/1378/7128/10859/25939/84868/4940/3135/409/634/54625/3965/11274/9636/4938/9111/710/3428/5468/56833/84166/387837
GO:0010608,post-transcriptional regulation of gene expression,456,0.32131870529664336,1.631459877728845,3.5029213481285994e-6,8.888662920876321e-4,8.150437610448344e-4,4482,"tags=36%, list=27%, signal=27%",54915/5814/5578/79068/6208/22927/26986/48/127933/56478/27335/1611/55802/201626/54542/8761/65094/5036/10657/54890/90806/207/255967/29904/23173/51538/10209/56648/29063/163255/8664/1975/1938/6125/5583/246175/54956/10128/4204/6188/6169/79048/23107/1656/4292/8667/9698/6191/3315/3609/23367/54487/5813/2521/5436/2043/10140/10644/83667/26610/10102/55250/84271/1984/708/23019/1979/57472/92345/7812/342977/1965/6195/1787/65110/221120/9931/84872/253314/6780/170506/5976/23521/8087/1974/84881/26135/7057/56339/1653/57669/27102/8440/9261/57690/2107/51441/3184/28969/1153/23435/7356/285367/51247/1736/29883/7832/3646/51123/124245/25983/10600/4234/10978/26065/2309/65018/29118/6659/142940/124540/55140/9641/1545/4904/343472/4850/149041/7503/91746/64506/6198/6059/8663/56623/79882/10758/155435/8313/167227/55384/373863/9513/51087/9775/6203/63935/55005/23369/22894/8662/60493/54952/25929/8892/26058/221662/340719/5337/1994/8846/399664/8570/8148/60678/7466
GO:0072594,establishment of protein localization to organelle,421,0.32240734079970934,1.6300108932278492,3.751844358150071e-6,9.139492856453572e-4,8.380435503152053e-4,2779,"tags=26%, list=17%, signal=22%",25782/8943/1459/80273/1408/6789/54543/8841/55204/3916/56478/7805/9804/3059/64112/65057/23558/100101267/867/3842/207/134266/9530/8027/5898/3309/7095/8239/5300/30849/10134/30000/5295/2033/5569/59283/23409/26060/5195/23787/3305/130617/2254/29928/9049/7545/284/79158/23163/55198/89781/94026/196294/6731/1191/6720/6728/28972/51172/23633/51548/22930/55275/83943/27092/9631/128866/22881/1434/9670/8766/26985/22885/54741/7879/4088/5824/11231/27183/56993/7249/54832/4836/8266/51160/999/25930/7332/5190/5599/57602/152485/729540/5562/4074/131118/55764/9648/79720/6449/55670/6850/283514/23435/100188893/9520/26520/5830/10628/51684
GO:0071826,protein-RNA complex organization,174,0.39815475786330784,1.815404619112341,5.397437677531791e-6,0.001264245979083408,0.001159247242077172,3060,"tags=33%, list=18%, signal=28%",6208/10262/100151683/8175/27335/1968/51386/2197/9733/8666/54960/8664/1975/6125/472/7536/6733/6169/8667/9879/6193/29777/6634/56949/8665/79752/50628/10594/92345/55794/26121/7520/55692/51154/8894/23521/23020/23212/10291/1653/11171/9416/27339/96764/6627/23451/6209/1736/23197/3646/57819/26835/26284/8996/10978/8661/6637/6135
GO:0002832,negative regulation of response to biotic stimulus,122,-0.3933394470525955,-1.9228338272729997,6.329735108166937e-6,0.001427706918842098,0.0013091323488820898,2528,"tags=35%, list=15%, signal=30%",103/84640/3630/22978/196/5777/55061/6895/133060/10906/1813/2896/79132/5771/11213/7040/2810/1378/7128/10859/25939/84868/4940/3135/409/634/54625/3965/90070/11274/259307/117285/9636/4938/9111/710/3428/5468/56833/29126/84166/114769/387837
GO:0050729,positive regulation of inflammatory response,150,-0.3736535702432504,-1.8829833615275662,8.317086601996397e-6,0.0018089663359342164,0.0016587272339695822,2900,"tags=34%, list=17%, signal=28%",6348/3606/351/26228/4363/9575/64332/50487/5336/353514/2896/7099/4210/58484/3356/5603/3553/1268/3430/81030/5008/6279/7040/79792/120892/1326/4671/2633/3600/22861/29108/4889/2634/1075/85480/4792/838/115362/695/84630/2865/3593/9111/7474/2867/3929/9447/837/834/2209/2635
GO:0071706,tumor necrosis factor superfamily cytokine production,165,-0.35292772825913193,-1.8160142250471831,1.1724740250373323e-5,0.002303344133057211,0.002112045739498489,3259,"tags=39%, list=20%, signal=32%",7538/6833/80149/5663/2693/51738/4615/6348/6504/9370/351/11006/23208/929/3146/5004/5777/5795/64581/9971/5336/353514/7099/2048/948/64135/7096/3552/148022/23643/5443/64127/11213/3586/7040/6363/114900/10392/4939/120892/177/7128/10859/29108/3717/2214/84868/4940/409/2213/695/3965/50856/3952/51465/4938/3593/7474/3929/113277/9103/6868/29126/2209
GO:1903555,regulation of tumor necrosis factor superfamily cytokine production,165,-0.35292772825913193,-1.8160142250471831,1.1724740250373323e-5,0.002303344133057211,0.002112045739498489,3259,"tags=39%, list=20%, signal=32%",7538/6833/80149/5663/2693/51738/4615/6348/6504/9370/351/11006/23208/929/3146/5004/5777/5795/64581/9971/5336/353514/7099/2048/948/64135/7096/3552/148022/23643/5443/64127/11213/3586/7040/6363/114900/10392/4939/120892/177/7128/10859/29108/3717/2214/84868/4940/409/2213/695/3965/50856/3952/51465/4938/3593/7474/3929/113277/9103/6868/29126/2209
GO:0006605,protein targeting,297,0.34200212754726617,1.6756796735546944,1.1462541321632313e-5,0.002303344133057211,0.002112045739498489,3227,"tags=30%, list=19%, signal=25%",8943/1459/80273/54543/55204/7805/9804/6293/23303/134266/9530/6745/255967/2664/3309/1121/7095/5300/30849/10134/5621/23409/4666/23787/5584/3305/282679/130617/29928/9049/23463/79158/23163/89781/196294/6731/1191/6720/66008/6728/28972/51172/10755/79844/55275/83943/128866/22881/23431/26985/22885/54741/7879/5824/11231/27183/56993/9454/54832/8266/55625/7332/5190/51114/57602/55146/5562/4074/131118/51125/9648/79720/6449/283514/9344/8851/100188893/9520/3684/26520/5830/23203/4053/65018/6135/155382/7855/64089/9182
GO:0031349,positive regulation of defense response,483,-0.2588396007748905,-1.5011836729774806,1.2228254530825311e-5,0.002327189690397692,0.002133910864671983,2924,"tags=27%, list=18%, signal=23%",5650/4615/6348/2358/8302/79184/3606/57590/351/26228/6421/4363/9575/7189/81035/100132285/1392/929/10524/78989/3146/64332/3764/51311/5610/7409/4862/5179/50487/64581/9971/8473/5336/5027/64922/6895/353514/1452/9865/5587/2896/7099/55269/79132/81622/3456/153090/948/64135/7096/4210/93978/148022/3148/23643/58484/5443/2220/3356/64127/11213/5603/330/3553/1268/3430/81030/117854/5008/6279/7040/10392/79792/120892/1326/84885/4671/2633/3600/7128/22861/80216/10084/29108/91543/4889/2634/84868/1075/8638/4940/55601/8807/85363/85480/130120/4792/838/3135/115362/409/353091/81790/695/164/84630/2865/3665/6565/5063/4938/331/3593/9111/7474/81793/2867/3929/5359/9447/837/92610/3428/83666/834/7100/29126/84166/2209/2635/118788
GO:0002460,adaptive immune response based on somatic recombination of immune receptors built from immunoglobulin superfamily domains,303,-0.28917430251778187,-1.6042228213168468,1.5623907844794822e-5,0.0028833211749939532,0.002643854262093669,4187,"tags=40%, list=25%, signal=30%",6774/911/1604/3329/732/23075/6556/4791/6830/10039/9390/90865/7133/604/2207/3263/3570/5321/731/5971/54795/64218/2215/729230/4436/383/100507436/80149/563/3134/79465/4615/6504/3606/11006/5580/3554/430/1380/7189/735/972/3146/64332/51311/7037/196/5777/55061/64581/5130/5027/6891/11118/84695/3718/7099/8809/81622/3125/3456/10384/2048/3726/326/9021/93978/154064/714/64127/717/3553/3586/7040/6363/7158/1378/177/10538/26022/11035/4683/7128/10859/81545/91543/3717/958/2214/6398/84868/1075/22890/712/1235/3071/3135/1439/51010/353091/2213/10673/695/8741/634/246778/3665/3136/259307/713/3593/710/5678/567/9103/3981/6868/29126/8417/2209
GO:0001819,positive regulation of cytokine production,475,-0.259430403072631,-1.504779932427659,1.6167588847524726e-5,0.0028959004729831052,0.0026553888184556863,3254,"tags=29%, list=20%, signal=24%",3659/6833/150/3620/2626/1654/5663/3134/79679/55801/201292/4615/6348/6504/3606/9370/351/3554/796/1432/3113/7189/3357/468/929/1670/972/6288/3146/3574/51311/5610/5004/3630/5795/50487/64581/9971/841/5336/5027/353514/11118/2648/1813/7099/8809/79132/81622/2048/91947/948/5142/64135/7096/4210/326/3552/93978/148022/8013/3148/719/23643/58484/1437/3356/64127/11213/5603/3553/7481/117854/3586/5008/7040/6363/114900/10392/4939/79792/120892/177/10538/4671/147372/3600/10859/22861/6772/10084/29108/91543/3717/958/10855/2214/6398/84868/4940/85480/116337/3135/115362/353091/2213/695/246778/3965/7110/284340/2865/3665/3952/199/9636/4938/331/3593/9475/7474/2867/3929/113277/3663/9447/567/10010/9103/3428/834/160364/6868/7100/29126/2209/3838
GO:0048525,negative regulation of viral process,72,-0.46522932869372546,-2.0636565371054223,1.7839980492823898e-5,0.003017930033369376,0.0027672835238137655,3666,"tags=49%, list=22%, signal=38%",6041/200315/3669/56829/9582/7538/10410/5610/8519/325/3456/5478/64135/684/6672/4599/9830/51574/117854/24138/4939/8091/3434/63901/6772/91543/5806/8638/4940/60489/9636/200316/4938/5359/3428
GO:0050727,regulation of inflammatory response,375,-0.27438372069516703,-1.5463457775129028,1.7541228529707667e-5,0.003017930033369376,0.0027672835238137655,3083,"tags=29%, list=18%, signal=24%",6280/7301/2693/51738/201292/1003/4615/6348/2358/3606/2778/9370/351/5580/26228/3554/4363/1432/9575/2678/23208/64838/27342/3371/6288/64332/3630/196/5777/50487/9971/5336/64922/353514/325/2896/7099/5925/4210/9021/5771/58484/3356/64127/5603/330/3553/1268/3430/126205/81030/3586/5008/6279/7040/56547/683/79792/120892/1326/177/4671/2633/5687/3600/7128/22861/29108/3717/4889/2634/1075/240/85480/4792/838/115362/58985/2213/695/26279/11274/284340/84630/2865/114770/126204/4142/331/3593/9111/7474/2867/3929/58189/9447/837/7130/5468/79651/834/160364/56833/2209/2635/118788/7114
GO:0009615,response to virus,383,-0.27412588691861234,-1.5427315391247562,1.911464735215583e-5,0.003146167631746729,0.0028848706743438597,3257,"tags=31%, list=20%, signal=26%",3442/3659/100507436/1654/80149/7706/10475/6773/91607/201292/4615/56915/5366/3444/1432/6367/375/10410/7189/1129/103/3764/51311/5610/22978/5179/3446/23515/6895/54765/8519/4600/4283/79132/81622/3456/64135/1755/684/6387/81786/148022/3433/4599/11213/27297/3553/4343/81030/117854/7040/24138/51191/6363/4939/8091/8467/3434/3627/440275/2633/11035/3600/7128/10859/22861/6355/581/3443/6772/10084/29108/91543/3717/958/3588/55284/3437/2537/59/25939/2634/8638/4940/55601/85363/197259/338/115362/10964/91351/10379/10561/3429/10346/246778/3965/11274/5371/3665/64108/60489/9636/200316/4938/3593/9111/5359/3663/9447/10010/11040/3964/3660/3428/83666/834/151636/84166/2635
GO:0042391,regulation of membrane potential,432,-0.2619272136064837,-1.4942519093765776,2.117737908080574e-5,0.0033939536474238675,0.0031120774521793478,3568,"tags=31%, list=21%, signal=25%",9498/54112/3791/114131/54795/3753/6648/4233/1136/9472/3744/83795/2569/869/6833/3799/22871/6804/5663/1137/3748/6331/51738/388591/3749/351/3359/5366/4878/213/2899/6262/483/1855/88/2911/8645/4137/6869/266743/3764/1145/2898/480/10935/55584/783/2890/80025/149461/5027/2557/6334/2745/2550/10369/1813/11060/3767/1138/2905/948/148/3746/10052/2257/1739/83959/845/578/55800/8929/11280/666/1258/1146/3747/1268/2555/23530/9481/6324/3739/120892/2564/90134/348980/8001/116443/3778/3742/2556/7442/2906/2570/3785/581/4915/2537/10021/3752/5026/152404/84941/2567/1811/81033/409/55669/131096/2563/3786/2185/3788/154881/27068/3728/57528/2743/5774/2566/567/2893/5649/23345/84275/57596/1824/6328/2894/29098/7341
GO:1902914,regulation of protein polyubiquitination,26,-0.638325539580833,-2.2102983316662375,2.707254277170916e-5,0.004227481678966892,0.003876378931279814,2561,"tags=58%, list=15%, signal=49%",57817/1654/11337/26272/54765/5478/64127/9373/7335/2295/143941/331/9111/7321/84875
GO:0032755,positive regulation of interleukin-6 production,93,-0.414907920155208,-1.9326197469114537,2.83879514125519e-5,0.004234420575768887,0.003882741535641508,4263,"tags=49%, list=26%, signal=37%",10865/6774/2150/3329/4843/5452/90865/51284/56848/10333/3570/10288/3670/4615/351/7189/972/3146/51311/64581/5336/5027/353514/7099/81622/948/64135/7096/3552/148022/64127/5603/3553/7040/114900/10392/177/29108/85480/695/3965/3952/199/7474/3929/113277
GO:0002250,adaptive immune response,455,-0.25929537349067894,-1.4891944000835968,2.850759336724538e-5,0.004234420575768887,0.003882741535641508,3612,"tags=33%, list=22%, signal=26%",3109/3570/3447/973/54210/5321/731/7462/10288/5971/54795/51744/64218/2215/729230/79908/4436/383/23495/3442/3659/100507436/80149/563/3134/79465/79679/3108/3112/28988/4615/57823/6504/27074/3606/11006/5580/2923/64421/3554/3444/974/430/1380/3113/7189/735/972/11025/3146/64332/3764/51311/7037/196/5777/55061/3446/64581/5130/50852/5027/6891/11118/84695/3118/3126/3718/7099/8809/3117/81622/3125/3456/10384/2048/11026/3726/326/9021/93978/2243/154064/714/64127/80380/717/3553/3586/7040/6363/7158/1378/440275/177/10538/26022/11035/4683/7128/10859/113/81545/3443/338339/29108/91543/3717/958/2214/6398/84868/1075/22890/8807/712/1235/3071/3135/1439/51010/10411/353091/2213/10673/695/8741/634/246778/50856/3665/3136/259307/2185/713/11024/3593/710/6890/5678/567/9103/3981/6868/29126/8417/3903/2209/64092
GO:0002819,regulation of adaptive immune response,207,-0.3197190689055058,-1.6923527014439566,3.0015092604266892e-5,0.004352188427618699,0.003990728477835485,3359,"tags=42%, list=20%, signal=34%",911/1604/3329/6556/6830/10039/9390/90865/7133/604/3263/5321/54795/729230/4436/383/3659/80149/563/3134/79465/6504/3606/11006/3554/430/1380/7189/3146/64332/7037/196/5777/55061/64581/5027/6891/84695/3718/8809/3125/3456/2048/3726/93978/154064/64127/3553/3586/7040/6363/7158/1378/440275/177/10538/11035/7128/10859/113/81545/29108/91543/3717/958/6398/84868/22890/3071/3135/51010/353091/2213/10673/695/8741/634/246778/3665/3136/259307/3593/567/29126/8417/2209/64092
GO:0032640,tumor necrosis factor production,160,-0.34928026484593633,-1.788706748034435,3.396737114682554e-5,0.00459691756187039,0.0042151322557639655,3259,"tags=39%, list=20%, signal=32%",7538/6833/80149/5663/2693/51738/4615/6348/6504/9370/351/11006/23208/929/3146/5004/5777/5795/64581/9971/5336/353514/7099/2048/948/64135/7096/3552/148022/23643/5443/64127/11213/3586/7040/6363/114900/10392/4939/120892/177/7128/10859/29108/3717/2214/84868/4940/409/2213/695/3965/50856/3952/51465/4938/3593/7474/3929/113277/9103/6868/2209
GO:0032680,regulation of tumor necrosis factor production,160,-0.34928026484593633,-1.788706748034435,3.396737114682554e-5,0.00459691756187039,0.0042151322557639655,3259,"tags=39%, list=20%, signal=32%",7538/6833/80149/5663/2693/51738/4615/6348/6504/9370/351/11006/23208/929/3146/5004/5777/5795/64581/9971/5336/353514/7099/2048/948/64135/7096/3552/148022/23643/5443/64127/11213/3586/7040/6363/114900/10392/4939/120892/177/7128/10859/29108/3717/2214/84868/4940/409/2213/695/3965/50856/3952/51465/4938/3593/7474/3929/113277/9103/6868/2209
GO:0051607,defense response to virus,292,-0.29597161672737377,-1.6437061768237868,3.263692788051871e-5,0.00459691756187039,0.0042151322557639655,2412,"tags=28%, list=14%, signal=25%",3764/51311/5610/22978/3446/23515/6895/54765/8519/4600/4283/79132/81622/3456/64135/1755/684/81786/148022/3433/4599/27297/3553/4343/81030/117854/24138/51191/4939/8467/3434/3627/440275/2633/11035/3600/7128/10859/22861/3443/6772/10084/29108/91543/958/3588/55284/3437/2537/25939/2634/8638/4940/55601/85363/197259/115362/10964/91351/10379/3429/10346/246778/11274/5371/3665/64108/60489/9636/200316/4938/3593/5359/3663/9447/10010/3660/3428/83666/834/151636/84166/2635
GO:0032760,positive regulation of tumor necrosis factor production,102,-0.39803711805521114,-1.8728513785691843,3.511389210984059e-5,0.004648773977150635,0.004262681868254104,2901,"tags=42%, list=17%, signal=35%",4615/6348/351/929/3146/5004/5795/64581/5336/353514/7099/2048/948/64135/7096/3552/148022/23643/64127/7040/6363/114900/10392/4939/120892/177/29108/3717/2214/84868/4940/2213/695/3965/3952/4938/3593/7474/3929/113277/9103/6868/2209
GO:1903557,positive regulation of tumor necrosis factor superfamily cytokine production,106,-0.39251161606249857,-1.8536685959621222,3.777737891094545e-5,0.004894983778035272,0.0044884433398111,2901,"tags=41%, list=17%, signal=34%",4615/6348/351/929/3146/5004/5795/64581/5336/353514/7099/2048/948/64135/7096/3552/148022/23643/64127/7040/6363/114900/10392/4939/120892/177/29108/3717/2214/84868/4940/2213/695/3965/3952/4938/3593/7474/3929/113277/9103/6868/2209
GO:0032722,positive regulation of chemokine production,69,-0.4570279026612145,-1.9958946151483192,4.3263739199971635e-5,0.005489086910996401,0.0050332047468388055,4182,"tags=51%, list=25%, signal=38%",2150/27159/90865/51284/3570/3091/1654/4615/3606/9370/351/972/3146/3574/5610/64581/7099/326/148022/64127/3553/7040/177/29108/84868/4940/85480/3965/2865/199/4938/7474/2867/3929/6868
GO:0048002,antigen processing and presentation of peptide antigen,67,-0.45634846211626373,-1.9977939153258681,4.614930292664561e-5,0.005735699078025954,0.005259335167043071,4301,"tags=52%, list=26%, signal=39%",1509/30835/3119/6556/3551/2207/3109/563/3134/79465/3108/3112/2923/3113/7189/972/51128/6891/3118/3126/10437/3117/81622/3125/154064/55080/29108/3135/353091/2213/50856/3136/6890/567/2209
GO:0002237,response to molecule of bacterial origin,338,-0.2707871969676772,-1.5265147871828388,4.730311908493574e-5,0.005761519904545173,0.005283011510433349,4152,"tags=36%, list=25%, signal=27%",1604/79577/4843/3164/4790/1524/6556/4791/3656/1269/5731/7133/11009/22843/840/9646/824/10333/836/10288/9076/6648/5106/445/3055/7538/6833/3620/842/80149/2693/4615/3606/26228/1432/7054/7189/929/1670/4793/3146/64332/26273/3764/5122/4846/196/5179/10935/5777/9971/841/5336/5027/6891/27063/7099/2255/4283/153090/2048/948/5142/7096/3552/148022/3148/23643/1437/8564/64127/80380/11213/717/3553/1268/117854/3586/6279/133/3627/2643/7128/10859/29108/3717/958/5737/9373/2056/2634/129607/84868/6347/85363/4792/115362/1439/2213/2204/695/3965/90070/51510/117285/4435/54658/331/3593/7474/81793/3929/3663/567/834/6868/7100/29126/2635/114769
GO:0050691,regulation of defense response to virus by host,37,-0.5487414055367087,-2.087973373910189,4.9218568125243405e-5,0.005877020578670285,0.0053889195695870475,2335,"tags=57%, list=14%, signal=49%",22978/6895/54765/3553/117854/440275/3600/7128/10859/6772/10084/29108/10346/246778/5371/60489/200316/3593/9447/83666/151636
GO:0032635,interleukin-6 production,141,-0.35707098937191695,-1.7848556268344733,5.1146484510595254e-5,0.005877020578670285,0.0053889195695870475,4284,"tags=46%, list=26%, signal=35%",55024/10865/6774/2150/3329/4843/5452/90865/51284/56848/961/824/10333/3570/10288/3670/80149/2693/51738/4615/6504/351/11006/23208/7189/27342/972/3146/51311/5004/5777/64581/9971/5336/5027/353514/7099/81622/948/64135/7096/3552/148022/64127/11213/5603/3553/3586/7040/114900/10392/177/7128/29108/84868/85480/3071/409/695/3965/3952/199/7474/3929/113277
GO:0032675,regulation of interleukin-6 production,141,-0.35707098937191695,-1.7848556268344733,5.1146484510595254e-5,0.005877020578670285,0.0053889195695870475,4284,"tags=46%, list=26%, signal=35%",55024/10865/6774/2150/3329/4843/5452/90865/51284/56848/961/824/10333/3570/10288/3670/80149/2693/51738/4615/6504/351/11006/23208/7189/27342/972/3146/51311/5004/5777/64581/9971/5336/5027/353514/7099/81622/948/64135/7096/3552/148022/64127/11213/5603/3553/3586/7040/114900/10392/177/7128/29108/84868/85480/3071/409/695/3965/3952/199/7474/3929/113277
GO:0002822,regulation of adaptive immune response based on somatic recombination of immune receptors built from immunoglobulin superfamily domains,192,-0.31861172286403255,-1.6785378666444464,7.018822060347803e-5,0.00791567154583669,0.007258255561431793,4155,"tags=42%, list=25%, signal=32%",911/1604/3329/6556/6830/10039/9390/90865/7133/604/3263/5321/54795/729230/4436/383/80149/563/3134/79465/6504/3606/11006/3554/430/1380/7189/3146/64332/7037/196/5777/55061/64581/5027/6891/84695/3718/8809/3125/3456/2048/3726/93978/154064/64127/3553/3586/7040/6363/7158/1378/177/10538/11035/7128/10859/81545/91543/3717/958/6398/84868/22890/3071/3135/51010/353091/2213/10673/695/8741/634/246778/3136/259307/3593/567/29126/8417/2209
GO:0050830,defense response to Gram-positive bacterium,114,-0.3729038552405536,-1.815910741940077,7.407559254551584e-5,0.008202188338221663,0.007520976429740891,3295,"tags=33%, list=20%, signal=27%",503841/1672/353144/4615/3606/351/245932/122651/796/1670/163351/5027/353142/948/1755/245909/3148/2220/64127/3553/133/10392/79792/414325/115361/29108/2634/84868/130120/353143/4852/114770/117285/3929/837/567/6868/1113
GO:0050829,defense response to Gram-negative bacterium,99,-0.40063380744776256,-1.8747899435862858,7.619308213717574e-5,0.008285997682417862,0.007597825201836793,4533,"tags=45%, list=27%, signal=33%",358/219972/3906/2150/4843/7432/6556/57817/5544/3570/54210/503841/1672/353144/351/245932/796/1670/64332/5587/7099/353142/1755/245909/3148/2220/85569/1610/133/10392/79792/414325/29108/85480/58985/353143/4852/613209/117285/3593/3929/567/55876/1113/245936
GO:0006413,translational initiation,116,0.41619699076493666,1.797203079700359,7.906808443165138e-5,0.008447800599802753,0.007746189989102688,3008,"tags=31%, list=18%, signal=26%",54915/22927/127933/27335/1968/10657/51386/8666/10209/8664/1975/6188/8667/3315/6193/23367/5436/8665/1979/7812/1965/253314/8894/23521/1974/56339/1653/27102/1967/51441/219402/28969/51247/3646/6218/8661
GO:0002449,lymphocyte mediated immunity,290,-0.28021355080753046,-1.5493758049836706,8.252155545855577e-5,0.008664763323148356,0.007945133424821024,3377,"tags=32%, list=20%, signal=26%",2215/729230/4436/387836/383/3799/100507436/563/3134/79465/4615/57823/6504/8302/3606/11006/5580/3554/1380/7189/735/972/3146/64332/51311/11151/7409/7037/196/5777/55061/5130/5027/6891/11118/8809/81622/3125/3456/10384/326/154064/714/64127/717/3553/3586/7040/7158/1378/177/10538/11035/4683/10859/81545/91543/958/2214/6398/84868/1075/22890/8807/712/1235/3071/3135/1439/51010/409/353091/2213/695/8741/634/3965/164/3665/3136/3952/259307/713/3593/710/567/9103/3981/29126/8417/2209/387837
GO:0071346,cellular response to type II interferon,95,-0.40584669592136885,-1.8900060239652614,8.796707576188631e-5,0.009079991379489621,0.008325875770148206,3468,"tags=40%, list=21%, signal=32%",9076/445/3055/383/3659/3799/6348/10435/6810/361/10096/3113/163351/133060/7099/5771/6672/1612/815/2633/6772/115361/3717/2634/6347/115362/2204/54625/3965/199/55647/3593/7474/83666/5468/834/84166/2635
GO:0090150,establishment of protein localization to membrane,225,0.3482042125501439,1.6540394054369016,9.5293782920865e-5,0.009672318966467797,0.008869009094652438,3135,"tags=29%, list=19%, signal=24%",25782/93380/54543/55204/65125/26003/582/9804/5962/64112/6745/2664/90196/3309/1121/7095/481/5621/4666/23787/5584/282679/130617/29928/23463/23163/6731/6728/79844/4118/22930/128866/6844/8766/7879/5824/11231/56993/1201/8266/55625/51114/583/55146/57554/51125/79720/6449/55670/9344/8851/100188893/3684/1445/26520/5830/22883/11031/23180/9581/9727/23062/617/155382/55737
GO:0050777,negative regulation of immune response,196,-0.31204378436489455,-1.6441654522230935,1.1853480907489131e-4,0.011643177213969161,0.010676182718884524,3397,"tags=35%, list=20%, signal=28%",3055/11314/729230/383/100507436/80149/3134/7301/6773/6504/2778/11006/1432/430/1380/103/84640/5648/3630/196/5777/55061/133060/84695/10906/3718/1813/2896/79132/3456/5771/64127/11213/3586/7040/2810/1378/7128/10859/4889/25939/84868/4940/3071/3135/409/2213/634/54625/3965/11274/259307/114770/9636/3958/4938/3593/9111/710/3428/5468/79651/160364/56833/29126/84166/64092/387837
GO:0045089,positive regulation of innate immune response,353,-0.2665179650967191,-1.4979122811246546,1.1782552931218157e-4,0.011643177213969161,0.010676182718884524,2901,"tags=28%, list=17%, signal=23%",4615/2358/8302/79184/57590/351/6421/7189/81035/100132285/929/10524/78989/3146/64332/3764/51311/5610/7409/64581/9971/8473/5336/5027/64922/6895/1452/9865/5587/7099/55269/79132/81622/3456/153090/948/64135/7096/4210/93978/148022/3148/23643/58484/2220/64127/11213/330/3430/81030/117854/6279/10392/84885/4671/7128/22861/80216/10084/29108/91543/2634/84868/8638/4940/55601/8807/85363/130120/4792/3135/115362/409/353091/81790/695/164/3665/6565/5063/4938/331/3593/9111/7474/81793/2867/3929/5359/9447/92610/3428/83666/834/7100/29126/84166/118788
GO:0016072,rRNA metabolic process,222,0.35183326640045315,1.6643781085167986,1.2103658485017488e-4,0.011700203202183573,0.010728472558566043,3690,"tags=34%, list=22%, signal=27%",6208/10927/51082/153443/2976/5036/55661/55646/2074/64425/29063/23404/6125/2971/27043/5434/11224/28987/6202/23076/6165/29777/54853/83732/10436/9191/84128/50628/1662/6194/92345/134430/6155/113000/55003/10799/65095/6839/79707/51154/8886/9724/27079/84135/6130/2091/84881/81887/23212/80135/57602/51367/54913/2972/51441/6209/55272/1736/115752/25983/6218/27340/117246/6135/6217/57647/120379/51018/6129/79039/6234/51729/6598/8568/23160/90121
GO:0006953,acute-phase response,48,-0.49674666727990097,-2.0068444511862684,1.360283840479005e-4,0.012943950919558031,0.01186892396996895,2462,"tags=44%, list=15%, signal=37%",6288/7037/5004/3630/259249/325/6289/6291/3552/3553/1268/5265/3557/7442/2056/130120/2157/54658/3929/5359/23780
GO:0071219,cellular response to molecule of bacterial origin,214,-0.2983099721380046,-1.597384823641801,1.422492342626963e-4,0.013327659025535699,0.012220764174309375,4400,"tags=41%, list=26%, signal=30%",26191/22904/10062/7001/10865/1604/79577/4843/4790/1524/3656/7133/11009/22843/840/9646/824/10333/10288/445/3055/7538/80149/2693/4615/3606/26228/1432/7189/929/1670/4793/3146/64332/4846/196/5777/9971/5336/27063/7099/4283/153090/2048/948/5142/7096/3552/148022/3148/23643/1437/8564/64127/80380/11213/3553/3586/3627/7128/10859/29108/3717/958/9373/2634/129607/84868/6347/85363/4792/115362/2213/2204/90070/51510/117285/3593/7474/81793/3929/567/834/7100/29126/2635/114769
GO:0035855,megakaryocyte development,21,0.6761279707907639,2.0325020413679353,1.4692436741524647e-4,0.013557112084225014,0.012431160592310727,1992,"tags=43%, list=12%, signal=38%",5781/5305/161882/6886/3815/2033/2811/26276/4211
GO:0042273,ribosomal large subunit biogenesis,56,0.49650382293608697,1.8728705141615962,1.494517897007592e-4,0.013584498496680949,0.012456272495876318,3456,"tags=39%, list=21%, signal=31%",55153/6125/2971/6838/51388/11224/6165/51187/55794/55003/79707/51154/8886/6130/81887/23212/80135/54475/117246/6135/51018/6129
GO:0007218,neuropeptide signaling pathway,107,-0.37187260495822827,-1.7683082383336068,2.0233140439975737e-4,0.018120562541095918,0.016615605268432088,3155,"tags=35%, list=19%, signal=28%",5368/2587/7301/6752/4878/796/2831/10888/4922/84109/347148/5179/11249/4935/6753/29909/3062/344758/5443/85569/4887/27297/680/51083/10800/2837/4889/84539/11247/4852/2832/53831/6751/1241/10886/2743/114815
GO:0030219,megakaryocyte differentiation,46,0.5282438009557695,1.9007816288332977,2.2767160874650786e-4,0.020094494163278735,0.018425597016021728,3373,"tags=39%, list=20%, signal=31%",5781/5305/161882/6886/4094/3815/2033/4208/64783/4602/2811/26276/4211/2623/2814/7564/4850/2624
GO:0050849,negative regulation of calcium-mediated signaling,19,0.6691172774438899,1.952629981927748,2.3641105047251084e-4,0.020455335886480953,0.018756469946898533,3024,"tags=53%, list=18%, signal=43%",8445/2281/5621/84174/9455/5598/9454/493/374403/2932
GO:0032434,regulation of proteasomal ubiquitin-dependent protein catabolic process,118,0.40052300993247336,1.7331322007011667,2.3847764333992573e-4,0.020455335886480953,0.018756469946898533,4061,"tags=42%, list=24%, signal=32%",1459/79699/23429/207/5887/5886/8239/8312/9529/4130/4092/8667/55743/4193/7480/22933/1191/10755/3300/85409/51548/9655/51035/152559/23411/8078/6599/6815/10444/1601/26263/1263/1460/25831/11315/2932/6135/51322/3077/150684/65992/1454/7415/8313/79016/51105/56893/819/6469/9978
GO:0002864,regulation of acute inflammatory response to antigenic stimulus,14,-0.7165979149017284,-2.076561833538528,2.552834151142029e-4,0.02159272219507633,0.01979939352603577,1535,"tags=43%, list=9%, signal=39%",1268/4889/2213/695/26279/2209
GO:0002367,cytokine production involved in immune response,119,-0.34480308605725474,-1.6863282274444344,2.6624816140231693e-4,0.022211661684111098,0.020366928568699226,3901,"tags=45%, list=23%, signal=34%",51284/5553/56848/7133/604/24145/54210/54795/729230/383/3134/4615/6504/3606/11006/3554/7189/27342/972/64581/5336/5027/9865/3718/7099/8809/3456/948/684/148022/8013/3356/64127/11213/3553/117854/3586/7040/10392/10859/29108/91543/7042/6398/3135/353091/695/2865/51465/7474/2867/3663/567
GO:0002697,regulation of immune effector process,383,-0.2546304726464023,-1.4330148290244407,2.9732767496862186e-4,0.024469264061606853,0.022437031517902405,4182,"tags=36%, list=25%, signal=28%",2150/911/1604/3329/23705/4843/1524/6318/6830/10039/3689/9390/90865/51284/5553/56848/7133/604/2/3263/2219/24145/3109/54795/51744/11314/729230/4436/383/100507436/80149/563/3134/6280/79465/5650/4615/6504/8302/3606/6810/11006/26228/3554/430/1380/7189/78989/27342/972/3146/64332/5648/7409/7037/3630/196/5777/50487/55061/64581/5336/5027/57126/6891/9865/84695/3718/2896/7099/8809/79132/3125/3456/2048/948/684/3726/148022/8013/154064/5443/2220/3356/64127/11213/3553/117854/3586/7040/6363/10392/7158/1378/177/10538/11035/10859/81545/29108/91543/958/7042/6398/84868/22890/55601/8807/3071/3135/51010/409/353091/2213/695/8741/634/246778/3965/164/2865/3136/3952/259307/114770/51465/3958/3593/7474/2867/3929/710/3663/567/56833/29126/8417/2209/387837
GO:0009895,negative regulation of catabolic process,323,0.31225539326516893,1.5410695019925156,3.0723829387820404e-4,0.02494774946291017,0.022875777530159614,3210,"tags=29%, list=19%, signal=24%",1459/28996/5294/9637/26986/65125/56478/1611/221937/23429/7428/54541/32/90806/207/1676/51538/8239/5300/9638/6125/9529/4130/2033/5270/23077/10128/596/201163/282679/79048/8667/23367/2521/10140/10644/22933/9191/10919/79142/10755/2203/51548/64223/4248/92345/7812/51035/80317/1787/65110/64784/8925/8078/4088/6599/170506/6815/8087/7249/54832/8898/55625/3607/57602/2801/7076/9261/5562/1460/493/8263/6449/5970/3184/1153/23435/10459/9097/1736/55353/29934/51684/11315/51594/4234/28964/65018/6135/474383/55737/9641/4904
GO:0001562,response to protozoan,30,-0.546950567410226,-1.9493115889672725,3.2463960811291673e-4,0.026013884386942934,0.023853367327410297,3286,"tags=47%, list=20%, signal=38%",383/79679/4615/163351/64581/3586/10538/2633/115361/958/2634/116071/3593/669
GO:2000058,regulation of ubiquitin-dependent protein catabolic process,158,0.361879878760277,1.6295020632811614,3.350444188496976e-4,0.026159237317880238,0.0239866483400492,4061,"tags=38%, list=24%, signal=29%",1459/79699/28996/7805/23429/7337/207/5887/5886/8239/10134/8312/6125/9529/4130/4092/8667/55743/4193/7480/22933/1191/10755/3300/85409/51548/9655/7041/51035/152559/23411/8078/6599/6815/10444/1601/26263/1263/1460/6449/9097/25831/51684/11315/2932/6135/51322/3077/150684/65992/1454/7415/8313/79016/51105/56893/64110/819/6469/9978
GO:0002706,regulation of lymphocyte mediated immunity,186,-0.3049923641303198,-1.602422951194364,3.327908600766909e-4,0.026159237317880238,0.0239866483400492,4155,"tags=40%, list=25%, signal=30%",911/1604/3329/23705/6318/6830/10039/9390/7133/604/3263/54795/729230/4436/383/100507436/563/3134/79465/6504/8302/3606/11006/3554/1380/7189/3146/7409/7037/196/5777/55061/5027/6891/8809/3125/3456/154064/64127/3553/3586/7040/7158/1378/177/11035/10859/81545/91543/958/6398/84868/22890/8807/3071/3135/51010/409/353091/2213/695/8741/634/3965/164/3136/3952/259307/3593/567/29126/8417/2209/387837
GO:0002833,positive regulation of response to biotic stimulus,382,-0.2524942058180836,-1.4249621798399803,3.489013014611537e-4,0.026844140095630933,0.024614668258114612,2924,"tags=27%, list=18%, signal=23%",5650/4615/2358/8302/79184/57590/351/6421/7189/81035/100132285/929/10524/78989/3146/64332/3764/51311/5610/7409/64581/9971/8473/5336/5027/64922/6895/1452/9865/5587/2896/7099/55269/79132/81622/3125/3456/153090/948/64135/7096/4210/93978/148022/3148/23643/58484/5443/2220/64127/11213/330/3430/81030/117854/6279/10392/84885/4671/7128/22861/80216/81545/10084/29108/91543/2634/84868/8638/4940/55601/8807/85363/130120/4792/3135/115362/409/353091/81790/695/164/3665/6565/5063/4938/331/3593/9111/7474/81793/2867/3929/5359/9447/92610/3428/83666/834/7100/29126/84166/118788
GO:0008015,blood circulation,500,-0.23651660127160412,-1.3788373759676065,3.526323822086165e-4,0.026844140095630933,0.024614668258114612,2918,"tags=24%, list=18%, signal=21%",1003/10391/388591/28514/9370/3827/351/4878/6262/796/100506658/81285/1674/7054/6271/3357/1129/1392/492/4922/6869/26509/3764/5028/4846/3630/347148/5795/783/3351/6909/10266/6334/8529/2642/4018/1573/1813/6444/444/57644/5592/5142/148/51086/6387/10052/2257/1739/845/2243/55800/719/11280/5443/9839/170690/3356/1268/7136/85366/125111/6505/121643/79987/1889/7040/133/2266/680/6324/3816/1482/3627/875/2643/10800/177/3778/2837/7442/143282/9365/952/6865/1909/6772/55151/7042/10021/2056/59/3752/147/6456/57835/7273/7422/81033/10699/9283/634/4852/27131/2865/3952/5800/6340/3728/9475/8048/710/3672/6338/4313/5468/1113/1824/6328/4205/29098/7341
GO:0071216,cellular response to biotic stimulus,238,-0.2937351378538662,-1.5869767350063615,3.7549772725729e-4,0.02823186616045551,0.025887140261207583,2901,"tags=29%, list=17%, signal=24%",4615/3606/26228/1432/7189/929/1670/4793/3146/64332/4846/196/5777/64581/9971/5336/27063/7099/4283/153090/2048/948/5142/7096/3552/148022/3148/23643/1437/8564/64127/80380/11213/3553/57003/3586/3627/7128/10859/29108/3717/958/9373/2634/129607/84868/6347/85363/4792/115362/2213/2204/695/90070/51510/117285/3593/7474/81793/3929/83734/84919/567/834/7100/29126/2635/114769
GO:0010506,regulation of autophagy,326,0.30355638604412294,1.4996409472062173,3.893286907310142e-4,0.028914777153071662,0.02651333381679115,3546,"tags=29%, list=21%, signal=24%",25782/5305/1459/54543/9637/65125/8975/1611/221937/7428/64112/207/23130/30849/2308/9638/472/2033/23604/596/201163/10868/22954/9474/3315/219771/26353/23545/23367/2017/22933/27244/6720/10919/79142/83667/8992/534/29072/79837/254122/64223/22930/2072/51606/128866/79156/80317/79443/8925/23411/9528/56834/7249/1201/54832/60592/523/25/23677/373/5599/3607/57602/2801/27102/1263/5562/6829/23032/9559/79594/9140/8851/1915/256471/664/9821/11315/51382/25851/525/2932/2309/65018/7855/55737/51322/11043/10059/143686/92140/29979/8878/527/65992
GO:0043032,positive regulation of macrophage activation,25,-0.5766514275796589,-1.9944826970186453,4.09307563148938e-4,0.03003232601900039,0.02753806750165017,4142,"tags=60%, list=25%, signal=45%",3329/90865/57817/10333/5321/6348/26228/7099/3586/120892/84868/1075/84630/7474/3929
GO:0045806,negative regulation of endocytosis,65,-0.4127131455522279,-1.7932555890314585,4.2554003964985276e-4,0.03013417257520469,0.027631455450948212,4590,"tags=57%, list=28%, signal=41%",1265/29763/11252/344/10062/90678/79772/961/11314/8291/124930/10347/8724/9370/8301/2042/5657/23208/345/27342/3146/5587/9094/302/255738/7040/10859/10825/6457/26045/2213/150696/3958/5359/4043/64422/382
GO:0045727,positive regulation of translation,124,0.3878046245439849,1.6934332269830448,4.214081993555544e-4,0.03013417257520469,0.027631455450948212,3213,"tags=31%, list=19%, signal=25%",54915/22927/26986/127933/65094/10657/56648/29063/8664/1938/6125/5583/23107/6191/23367/5436/84271/1984/708/7812/65110/170506/8087/84881/7057/56339/8440/51441/3184/1153/285367/3646/10600/65018/6659/1545/4904/343472
GO:0032259,methylation,155,0.37110004679827757,1.6651962660953588,4.189132568238941e-4,0.03013417257520469,0.027631455450948212,3064,"tags=27%, list=18%, signal=22%",23067/9836/9739/8731/91801/114826/207/9869/29063/4507/64754/11108/79918/64783/6634/23463/56950/10436/10919/29072/3275/1787/6839/57570/56257/51108/2091/25917/56339/96764/118881/2107/64324/4548/24140/1788/7799/84444/4234/6637/117246/9718
GO:0098581,detection of external biotic stimulus,25,-0.5747554355816085,-1.9879249689823697,4.5447185520420966e-4,0.03109813031678244,0.02851535413197318,2266,"tags=56%, list=14%, signal=48%",3164/57115/10333/64581/7099/7096/93978/23643/58484/64127/10392/4671/114770/3929
GO:0006364,rRNA processing,188,0.34935020519556753,1.6108728621760164,4.5314817236431326e-4,0.03109813031678244,0.02851535413197318,3690,"tags=35%, list=22%, signal=27%",6208/153443/5036/55661/55646/29063/23404/6125/27043/11224/28987/6202/23076/6165/29777/54853/83732/10436/84128/50628/1662/6194/92345/134430/6155/113000/55003/10799/65095/6839/79707/51154/8886/9724/27079/84135/6130/2091/84881/81887/23212/80135/57602/51367/54913/51441/6209/55272/1736/25983/6218/27340/117246/6135/6217/57647/120379/51018/6129/79039/6234/51729/8568/23160/90121
GO:1903311,regulation of mRNA metabolic process,256,0.3188248393661576,1.5450461417903798,4.4928091516156766e-4,0.03109813031678244,0.02851535413197318,4632,"tags=38%, list=28%, signal=28%",54915/5578/10250/79068/26986/56478/9667/55802/201626/54542/8761/54033/10657/54890/90806/207/9530/255967/55110/246175/7536/378948/6733/79810/79048/4292/9698/64783/23367/2521/5436/10140/10644/9588/708/23019/57472/7812/342977/22938/65110/5725/170506/5976/8087/91875/26135/56339/9261/79171/27339/57690/1655/51441/348093/3184/1153/23435/7356/1025/29883/7832/51594/5978/9641/27316/4904/4850/149041/91746/64506/79882/10758/155435/8313/167227/373863/6651/9513/9775/23369/22894/60493/26058/29890/221662/340719/1994/399664/8570/8148/55147/678/55095/202559/26528
GO:0046632,alpha-beta T cell differentiation,132,0.3890022672000113,1.717322145910669,4.64362552771857e-4,0.031199584785665098,0.028608382557765683,2508,"tags=27%, list=15%, signal=23%",8943/79798/161882/54542/301/27086/7704/3707/80758/6775/861/6146/3572/5295/51561/2033/596/4092/257101/51176/9760/7048/2625/64919/9655/23308/864/4221/4602/25/50943/387/100/3702/6850
GO:0071222,cellular response to lipopolysaccharide,205,-0.289583553670012,-1.533957667958802,4.6620069219959344e-4,0.031199584785665098,0.028608382557765683,4400,"tags=40%, list=26%, signal=30%",26191/22904/10062/7001/10865/1604/79577/4843/4790/1524/3656/7133/11009/22843/840/9646/824/10288/445/3055/7538/80149/2693/4615/3606/26228/1432/7189/929/1670/4793/3146/64332/4846/5777/9971/5336/27063/7099/4283/153090/2048/948/5142/3552/148022/3148/23643/1437/8564/64127/80380/11213/3553/3586/3627/7128/10859/29108/3717/958/9373/2634/129607/84868/6347/85363/4792/115362/2204/90070/51510/117285/3593/7474/3929/567/834/7100/29126/2635/114769
GO:0001906,cell killing,246,-0.2835490563958454,-1.542910622137853,4.7977347448871597e-4,0.03175891803952478,0.029121261809641176,3311,"tags=30%, list=20%, signal=24%",3346/387836/383/3799/100507436/353144/563/3134/79465/4615/57823/8302/3606/3827/26228/6367/735/4922/1670/6370/11151/7409/5777/5027/6891/4283/353142/6387/154064/27433/5443/6361/1610/8542/7040/6363/3627/1378/177/2633/414325/11035/10859/6355/6373/2214/2634/84868/1075/8807/3071/3135/115362/353143/409/353091/2213/634/3965/164/3136/3952/117285/3958/3593/6338/567/9103/55876/1113/8417/2209/2635/387837
GO:0002718,regulation of cytokine production involved in immune response,118,-0.3417909800737291,-1.66029554729946,4.91863919237336e-4,0.03220915342102555,0.02953410403569969,3901,"tags=44%, list=23%, signal=34%",51284/5553/56848/7133/604/24145/54795/729230/383/3134/4615/6504/3606/11006/3554/7189/27342/972/64581/5336/5027/9865/3718/7099/8809/3456/948/684/148022/8013/3356/64127/11213/3553/117854/3586/7040/10392/10859/29108/91543/7042/6398/3135/353091/695/2865/51465/7474/2867/3663/567
GO:0060760,positive regulation of response to cytokine stimulus,63,-0.42098936298426876,-1.8325769291033382,5.106460579432517e-4,0.03273509992499371,0.030016369389351254,2491,"tags=32%, list=15%, signal=27%",972/3574/54765/7099/100130733/64135/81030/117854/114900/958/85480/54625/6880/3665/7474/837/83666/834/6868/84166
GO:0140888,interferon-mediated signaling pathway,101,-0.36898368489531175,-1.737232460852666,5.063961857804022e-4,0.03273509992499371,0.030016369389351254,3397,"tags=40%, list=20%, signal=32%",3055/383/3442/3659/6773/201292/4615/3444/1380/10410/103/5777/3446/133060/8519/3456/64135/5771/6672/81030/117854/4939/3443/6772/3717/3588/25939/8638/4940/3429/54625/11274/3665/9636/4938/7474/10010/83666/5468/84166
GO:0002230,positive regulation of defense response to virus by host,27,-0.579188205504271,-2.0230088213226045,5.31105588823499e-4,0.03288109845092583,0.030150242378733302,1459,"tags=56%, list=9%, signal=51%",117854/440275/10859/6772/10084/29108/10346/246778/5371/60489/200316/3593/9447/83666/151636
GO:0002474,antigen processing and presentation of peptide antigen via MHC class I,36,-0.5024576659704325,-1.8773130419756034,5.453187099414629e-4,0.03288109845092583,0.030150242378733302,3801,"tags=50%, list=23%, signal=39%",3551/2207/563/3134/79465/2923/51128/6891/10437/154064/55080/3135/353091/50856/3136/6890/567/2209
GO:0002720,positive regulation of cytokine production involved in immune response,79,-0.389455430261886,-1.752950816383861,5.288585006007016e-4,0.03288109845092583,0.030150242378733302,2901,"tags=38%, list=17%, signal=32%",4615/6504/3606/3554/7189/972/64581/5336/5027/7099/8809/948/148022/8013/3356/64127/3553/117854/10392/10859/29108/91543/6398/3135/353091/2865/7474/2867/3663/567
GO:0002526,acute inflammatory response,104,-0.3697556281361083,-1.7437693571890085,5.210684612481306e-4,0.03288109845092583,0.030150242378733302,2462,"tags=33%, list=15%, signal=28%",6288/7037/5004/3630/8876/259249/325/6289/6291/3552/11280/3553/1268/5265/5008/3557/7442/2056/2214/4889/130120/2213/695/26279/2157/2865/54658/2867/3929/5359/133396/9103/23780/2209
GO:0032602,chemokine production,90,-0.370593256928155,-1.7099141299358114,5.439687434750074e-4,0.03288109845092583,0.030150242378733302,2901,"tags=36%, list=17%, signal=30%",4615/3606/9370/351/11006/972/3146/3574/5610/64581/9971/7099/4210/326/148022/64127/3553/3586/7040/177/29108/84868/4940/85480/3965/2865/199/4938/7474/2867/3929/6868
GO:0032642,regulation of chemokine production,90,-0.370593256928155,-1.7099141299358114,5.439687434750074e-4,0.03288109845092583,0.030150242378733302,2901,"tags=36%, list=17%, signal=30%",4615/3606/9370/351/11006/972/3146/3574/5610/64581/9971/7099/4210/326/148022/64127/3553/3586/7040/177/29108/84868/4940/85480/3965/2865/199/4938/7474/2867/3929/6868
GO:0002699,positive regulation of immune effector process,247,-0.27821348921620304,-1.518370207228544,5.541939519216649e-4,0.03308863889414646,0.030340546077857918,4182,"tags=37%, list=25%, signal=28%",2150/911/1604/3329/23705/4843/3689/9390/90865/51284/56848/3263/2219/24145/3109/51744/11314/729230/4436/383/563/3134/79465/5650/4615/6504/8302/3606/6810/26228/3554/7189/78989/972/64332/7409/7037/5777/50487/64581/5336/5027/57126/6891/7099/8809/79132/3125/2048/948/148022/8013/154064/5443/2220/3356/64127/3553/117854/3586/7040/6363/10392/7158/1378/10859/81545/29108/91543/958/6398/22890/55601/8807/3135/51010/353091/695/8741/3965/164/2865/3136/3593/7474/2867/3929/3663/567/8417/2209
GO:0032757,positive regulation of interleukin-8 production,62,-0.41607263428507063,-1.8113031931700039,5.706823708689727e-4,0.03343341438968665,0.030656687120782594,4338,"tags=50%, list=26%, signal=37%",3304/1649/6774/2150/25865/4843/51284/2219/2658/51744/4615/9370/796/929/1670/972/3146/51311/64581/7099/7096/64127/3553/10392/29108/3965/3952/7474/2867/3929/7100
GO:0030705,cytoskeleton-dependent intracellular transport,172,0.3510808771597701,1.5962534226014893,5.709482917122187e-4,0.03343341438968665,0.030656687120782594,3306,"tags=31%, list=20%, signal=25%",8943/3916/51361/8976/54820/57584/9638/25999/79659/117178/4130/10128/4204/5195/90990/147700/9371/7014/9474/8409/3315/5813/66008/26146/403/3281/667/79443/26985/6647/6780/23162/26115/1201/55605/51098/81/25893/57728/55704/55764/10125/89941/8263/3800/55201/11127/55081/440193/474383/5048/80128/10239
GO:0060078,regulation of postsynaptic membrane potential,146,-0.3210370898555281,-1.6001724922998362,5.829612808813157e-4,0.03381175429111631,0.031003604963161704,3409,"tags=33%, list=20%, signal=26%",4233/1136/869/22871/6804/1137/51738/351/3359/2899/1855/2911/266743/1145/2898/55584/2890/5027/2557/2550/1813/1138/2905/1146/2555/120892/2564/348980/8001/116443/2556/7442/2906/2570/5026/152404/2567/409/2563/2185/57528/2743/2566/2893/5649/23345/57596/2894
GO:0061136,regulation of proteasomal protein catabolic process,181,0.34446104748257783,1.5786553805892862,6.06386824994346e-4,0.03483863928505252,0.031945204633515446,4837,"tags=44%, list=29%, signal=31%",1459/79699/8975/23429/8945/207/5887/5886/8239/10197/10134/8312/9529/4130/282679/4092/8667/55743/4193/7480/22933/1191/10755/3300/85409/51548/9655/51035/152559/23411/8078/6599/6815/10444/1601/26263/1263/1460/5310/8263/6449/9532/9097/25831/11315/2932/65018/6135/474383/51322/29979/3077/150684/65992/160418/114881/9491/1454/7415/8313/79016/51105/56893/819/6469/9978/29978/92552/2876/7874/7466/56658/91445/57761/3093/474384/7314/84900/83844
GO:0002702,positive regulation of production of molecular mediator of immune response,125,-0.3347762658111647,-1.6536072618868962,6.29140113118571e-4,0.03580806812048689,0.03283412002060029,2924,"tags=33%, list=18%, signal=27%",5650/4615/6504/3606/6810/3554/7189/972/7037/64581/5336/5027/7099/8809/2048/948/148022/8013/3356/64127/3553/117854/3586/7040/10392/7158/10859/29108/91543/958/6398/3135/51010/353091/695/8741/2865/7474/2867/3663/567
GO:0001865,NK T cell differentiation,11,0.7684162933257753,1.9164503427017856,6.635610372619683e-4,0.037417469601160984,0.034309856751215805,2429,"tags=55%, list=15%, signal=47%",8943/7704/257101/9760/7048/3702
GO:0007040,lysosome organization,97,0.4054247505069511,1.7118012448866737,6.803425058307853e-4,0.03766623509554075,0.03453796165963939,4279,"tags=43%, list=26%, signal=32%",5298/5532/3916/7805/51361/1203/2055/201163/79158/4669/89781/51172/79643/51606/128866/80317/7879/64400/26276/1201/523/9296/252839/5322/3988/55353/256471/51382/8406/55737/83871/9066/3257/527/1200/91782/8720/65082/10159/7030/3073/3074
GO:0080171,lytic vacuole organization,97,0.4054247505069511,1.7118012448866737,6.803425058307853e-4,0.03766623509554075,0.03453796165963939,4279,"tags=43%, list=26%, signal=32%",5298/5532/3916/7805/51361/1203/2055/201163/79158/4669/89781/51172/79643/51606/128866/80317/7879/64400/26276/1201/523/9296/252839/5322/3988/55353/256471/51382/8406/55737/83871/9066/3257/527/1200/91782/8720/65082/10159/7030/3073/3074
GO:0031122,cytoplasmic microtubule organization,59,0.45785614005704034,1.7604957933271799,7.121533922270965e-4,0.03907219962759475,0.035827157380414865,3616,"tags=47%, list=22%, signal=37%",51361/8312/25999/7094/9419/84942/84056/23332/8766/6249/85378/122060/55605/7461/27229/387/8500/1263/55704/114791/152206/11076/124602/440193/5048/4926/283234/27175
GO:0032496,response to lipopolysaccharide,323,-0.2603867937977131,-1.4599004726467673,7.331413058805344e-4,0.03986455850725406,0.0365537089069195,4152,"tags=35%, list=25%, signal=27%",1604/79577/4843/3164/4790/1524/6556/4791/3656/1269/5731/7133/11009/22843/840/9646/824/836/10288/9076/6648/5106/445/3055/7538/6833/3620/842/80149/2693/4615/3606/26228/1432/7054/7189/929/1670/4793/3146/64332/26273/3764/5122/4846/5179/10935/5777/9971/841/5336/5027/27063/7099/2255/4283/153090/2048/948/5142/3552/148022/3148/23643/1437/8564/64127/80380/11213/717/3553/1268/117854/3586/6279/133/3627/2643/7128/10859/29108/3717/958/5737/9373/2056/2634/129607/84868/6347/85363/4792/115362/1439/2204/695/3965/90070/51510/117285/4435/54658/331/3593/7474/3929/567/834/6868/7100/29126/2635/114769
GO:0002218,activation of innate immune response,286,-0.2685258195770855,-1.4848587251284724,7.78299092276102e-4,0.04194549975187133,0.03846182286469233,2901,"tags=29%, list=17%, signal=24%",4615/8302/79184/57590/351/6421/7189/81035/100132285/929/78989/3146/64332/3764/51311/5610/64581/9971/8473/5336/5027/64922/6895/1452/9865/5587/7099/55269/79132/81622/153090/948/64135/7096/4210/93978/148022/23643/58484/2220/64127/11213/330/3430/81030/6279/10392/84885/4671/7128/22861/80216/10084/29108/91543/2634/84868/8638/4940/55601/85363/130120/4792/115362/409/81790/695/3665/6565/5063/4938/331/9111/81793/2867/3929/9447/92610/3428/834/7100/29126/118788
GO:0060765,regulation of androgen receptor signaling pathway,26,0.5803030148181856,1.827724253466759,8.054078080262558e-4,0.04302573290245524,0.039452339996115304,4034,"tags=46%, list=24%, signal=35%",9667/27086/2033/9612/3275/23411/1601/55128/1655/11315/9604/26508
GO:0046631,alpha-beta T cell activation,188,0.3408999186966005,1.5719081299492867,8.14267641233545e-4,0.04312078204445469,0.03953949507317123,1481,"tags=20%, list=9%, signal=18%",8943/79798/161882/54542/301/27086/7704/3707/83737/80758/6775/5788/861/6146/5588/3572/916/917/5295/51561/2033/259197/57045/596/4092/257101/80762/51176/9760/7048/2625/64919/9655/915/23308/864/4221
GO:0035456,response to interferon-beta,31,-0.5180525817410395,-1.8704711806297614,9.016900162469932e-4,0.04693412135849734,0.04303612718119927,3878,"tags=61%, list=23%, signal=47%",997/824/3659/4332/10410/8519/3456/684/117854/815/348980/6772/54739/87178/4938/5359/9447/3428/27429
GO:0002221,pattern recognition receptor signaling pathway,251,-0.2753646486760213,-1.499478154378372,8.958693831148173e-4,0.04693412135849734,0.04303612718119927,2616,"tags=28%, list=16%, signal=24%",7189/81035/929/78989/3146/64332/3764/51311/5610/64581/9971/8473/5336/5027/64922/6895/1452/9865/5587/7099/79132/81622/153090/948/64135/7096/4210/148022/23643/58484/2220/64127/11213/330/3430/6279/10392/84885/4671/7128/22861/80216/29108/91543/2634/84868/8638/4940/55601/130120/4792/115362/409/81790/695/3665/6565/4938/331/9111/81793/2867/3929/9447/92610/3428/834/7100/29126/118788
GO:0002834,regulation of response to tumor cell,25,-0.5574237066779886,-1.9279791650627,9.247790419208052e-4,0.04772800309574325,0.04376407508822366,2453,"tags=44%, list=15%, signal=38%",3146/196/3125/1612/7040/81545/84868/634/259307/3593/29126
GO:0061014,positive regulation of mRNA catabolic process,87,0.4065089610902221,1.6793195168339858,9.675150659225651e-4,0.048121222419631265,0.04412463658044142,4594,"tags=52%, list=28%, signal=38%",54915/79068/26986/56478/55802/201626/54542/54890/255967/246175/4292/9698/5436/10140/23019/57472/7812/342977/170506/5976/8087/91875/56339/57690/51441/3184/23435/29883/7832/4904/4850/149041/167227/373863/9513/23369/22894/26058/221662/340719/1994/399664/8570/678/55095
GO:0002274,myeloid leukocyte activation,229,-0.27618403176537937,-1.4898793405930164,9.629898896105537e-4,0.048121222419631265,0.04412463658044142,4182,"tags=39%, list=25%, signal=30%",2150/3329/3460/1524/8530/6556/6283/3689/90865/1269/3696/56848/2207/3937/57817/10333/5321/7462/5971/11314/729230/8291/80149/5663/4615/6348/6504/3606/6810/351/11006/5580/26228/23208/7189/4137/27342/972/3146/3764/5777/50487/5336/57126/57580/2896/7099/7096/148022/8013/4495/11280/1437/1268/3430/3586/7040/120892/177/10538/3600/7442/338339/29108/3717/2214/84868/1075/8807/85480/102/712/2213/2204/695/3965/84630/306/199/116071/9111/7474/3929/113277/5359/133396/6338/160364/1113
GO:0002703,regulation of leukocyte mediated immunity,241,-0.2725938880915079,-1.4848146194652236,9.719064626625033e-4,0.048121222419631265,0.04412463658044142,4182,"tags=38%, list=25%, signal=29%",2150/911/1604/3329/23705/4843/1524/6318/6830/10039/3689/9390/56848/7133/604/3263/54795/11314/729230/4436/383/100507436/563/3134/79465/6504/8302/3606/6810/11006/26228/3554/1380/7189/27342/3146/7409/7037/196/5777/50487/55061/64581/5336/5027/57126/6891/3718/7099/8809/3125/3456/684/148022/154064/5443/64127/3553/3586/7040/7158/1378/177/11035/10859/81545/91543/958/6398/84868/22890/8807/3071/3135/51010/409/353091/2213/695/8741/634/3965/164/3136/3952/259307/3593/567/29126/8417/2209/387837
GO:0002443,leukocyte mediated immunity,380,-0.254271391965819,-1.4366443424473998,9.468479402849395e-4,0.048121222419631265,0.04412463658044142,2901,"tags=36%, list=17%, signal=31%",2150/911/1604/3329/732/23705/4843/23075/1524/6318/6830/10039/3689/9390/56848/7133/604/2207/3263/3570/54210/731/7462/54795/11314/2215/729230/4436/387836/383/3799/100507436/563/3134/79465/4615/6348/57823/6504/8302/3606/6810/11006/5580/26228/3554/1380/7189/735/27342/972/3146/64332/51311/11151/7409/7037/196/5777/50487/55061/64581/5130/5336/5027/57126/6891/11118/3718/7099/8809/81622/3125/3456/10384/684/326/148022/8013/154064/714/11280/5443/64127/717/3553/1610/3586/7040/7158/1378/177/10538/11035/4683/10859/81545/91543/958/2214/6398/84868/1075/22890/8807/712/1235/3071/3135/1439/51010/409/353091/2213/2204/695/8741/634/3965/164/3665/3136/3952/259307/306/713/3593/710/6338/567/9103/3981/6868/1113/29126/8417/2209/387837
GO:0032102,negative regulation of response to external stimulus,379,-0.2416215571381022,-1.3625836054764644,9.634850792889961e-4,0.048121222419631265,0.04412463658044142,3044,"tags=26%, list=18%, signal=22%",7301/10475/2693/7035/51738/6773/7473/201292/1003/2358/2778/9370/3827/5580/6585/26228/23122/1432/1855/23208/103/64838/27342/84640/6288/4846/22876/54361/3630/22978/196/5777/55061/149461/9971/6895/133060/325/10906/1813/2896/79132/5592/5925/4210/9021/5771/302/2243/64127/11213/3586/7040/2266/56547/2810/1378/116443/7128/10859/4889/25939/84868/6347/240/4940/2191/3135/58985/409/2213/56963/634/54625/3965/90070/11274/5329/284340/117285/5800/199/9636/4938/3593/9111/7474/58189/710/83999/7130/3428/5468/79651/160364/56833/84166/114769/387837/7114
GO:0034728,nucleosome organization,68,0.4395113354735126,1.7467875031660223,9.8559688619822e-4,0.04840552449150935,0.044385326666227146,2959,"tags=34%, list=18%, signal=28%",23523/54108/51773/6418/196528/9733/546/8289/64754/6601/83743/6749/29072/6599/132660/4675/25842/10541/29855/23569/55723/10036/257218
GO:0009896,positive regulation of catabolic process,492,0.2775096162956571,1.4143214882047124,0.0010180753653088138,0.04960063179784541,0.045481177372322164,3429,"tags=27%, list=21%, signal=22%",54915/25782/5305/79699/79068/54543/26986/56478/8975/55802/7805/201626/54542/5962/8660/64112/54890/83737/207/23130/255967/5886/8742/2308/10134/8312/472/9686/246175/201163/10868/4092/4292/22954/80762/9698/6832/55743/219771/4193/112398/26353/23163/23367/130507/5436/10140/22933/27244/1191/83667/2926/3300/85409/29072/51548/79837/9655/64223/22930/23019/57472/5770/7041/7812/342977/79156/79443/152559/23411/8078/9528/7879/57104/170506/5976/3667/8087/7249/7291/91875/60592/257364/10444/51160/1601/23677/373/26263/56339/27102/1263/5562/51686/6829/57690/51441/6449/3184/9532/23435/79594/29116/405/25831/29883/664/7832/9821/11315/124245/2168/79888/2932/2309/65018/26291/55737/4904/9746/51099/51322/11124/11043/4850/143686/92140/29979/149041/26137/7503
